ÔÙíÒ»±é,²ËÌ“öHÒ»²¨ƒžÐãµÄ³°ÖS¼¤ÆðÁËÔÚˆöËùÓÐÈËµÄÅ­»ð,ArcherÍõ¾³ÔóÂÊÏÈÉÏ³¡,Íõ¾³ÔóÒ»¶å½ÅÄÃ³ö¼ÓÌØÁÖÔÙ´ÎÉ¨Éä,Íõ¾³ÔóÒ»Í¨Éä»÷£¬µ«ÊÇ²ËÐéöïÓµÓÐ±ÜÊ¸µÄ¼Ó»¤È«²¿miss,²ËÐéöïÈÔÈ»È«²¿miss,²ËÐéöïÈ«²¿µ²ÏÂ,²ËÐéöï´ê³öÔªÆøµ¯´ò°ÜÁËÍõ¾³Ôó,²»ÐÅÐ°µÄÍõ¾³ÔóÄÃ³öÐ°µÛÉîÔ¨½øÐÐÈý°ÙÁùÊ®¶ÈÉ¨Éä,´ËÊ±archer²¨À½¸çÊÖ³Ö¸É½«ÄªÐ°µÇ³¡£¬ÊÄÒªÎªÍõ¾³Ôó±¨³ð,Á½ÈËÕ¹¿ª¼¤ÁÒµÄ½»·æ,²ËÐéöï×îºóÒ»ÕÆ´ò°ÜÁË²¨À½¸ç,ÕâÊ±Ò»¸Ë¹âÇ¹´ÓÌìÉÏÉäÀ´£¬²ËÐéöïÄÃ³öÀºÇòµÖµ²,¹âÇ¹±»»÷·É£¬Ô­À´ÊÇLancer¸ßÒô¸ç,²ËÐéöïÊ¹³ö¼¼ÄÜ°Ù¹íÒ¹ÐÐ£¬Ö»¼ûÊý¸ö²ËÐéöïÔÚÒ»ÆðÂÒÎè£¬»÷ËéÁË¹âÇ¹,¸ßÒô¸çÍ¶Ó°³öÊý°Ñ¹âÇ¹¹¥»÷²ËÐéöï,²ËÐéöïÄÃ×ÅÀºÇò½øÐÐ¸ßËÙÐý×ª,Ö»¼û²ËÐéöï¸üÊ¤Ò»³ï£¬¸ßÒô¸ç±»»÷°Ü,¸ßÒô¸çÊÔÍ¼½â·Å±¦¾ß¹á´©ËÀÏèÖ®Ç¹,±´Ò¯Å­ºðÒ»ÉùÕ¦ÍÛß£¶à£¬Ê±¼ä¾²Ö¹,±´Ò¯Å­ºðÒ»Éù¡°…½ÊºÀ²Äã¡±±»À±ÏÉ¸ù»÷°Ü,²ËÐéöïÑ¸ËÙÅÄ»÷ÀºÇò,ÕâÊ±ÂíÔÆ³öÆä²»ÒâµØ³öÏÖ£¬ÓëÆä·ÖÉí£¨£¿£©Ò»Æð¹¥Ïò²ËÐéöï,ÂíÔÆÊÔÍ¼ÔÙ´Î½üÉí²ËÐéöï£¬µ«ÊÇ±»Ëû¸ß³¬µÄÀºÇò¼¼Êõ»÷ÍË,µØÃæ³öÏÖÑÒ½¬±ÆÍËÁËÂíÔÆ,Ò»·¬°µÁ÷ÌìÆÆ½«ÂíÔÆ»÷°Ü,²ËÐéöïÒ»Ô¾¶øÆð½«ÂíÔÆÎüÁË¹ýÀ´,²ËÐéöï·¢³öÒ»ÕÅÂÉÊ¦º¯¸ÉµôÁËËùÓÐÈË,van¡áÒ²Ã»ÄÜÐÒÃâ,½ØÖ¹Ê±¼ä¸ÄÎª4ÔÂ20¡ª4ÔÂ23,½ØÖ¹Ê±¼ä¸ÄÎª4ÔÂ20¡ª4ÔÂ23,½ØÖ¹Ê±¼ä¸ÄÎª4ÔÂ20¡ª4ÔÂ23,Æ¤Æ¤¸ãÐ¦ÒÑµÁ,ÄãÕæÊÇÌì²Å¡£,º¬Ëû,…½ÊºÀ²Äã,ôÊ¦º¯¾¯¸æ,¿ãñÉ  À±ÏÉ¸ù,Å£±Æ,¹ý·ÖÁË,¹þ¹þ¹þ¹þ¹þ,¹þ¹þ¹þ,ÔÙÀ´Ò»±é,ÕâË­µ²µÃ×¡,¹þ¹þ¹þ¹þ¹þ¹þ¹þ,±í°×ºìÉ«,¿ãñÉÂÝÐýÍè,Ã¿ÈÕÒ»Ë¢,Áú¾í·ç´Ý»ÙÍ£³µ³¡,À±ÏÉ¸ù,°µÁ÷ÌìÆÆ£¡£¡£¡,ÕâÊÇ³åÌìÅÚ°¡£¬ÁúÖéÀïµÄ²»ÊÇÂÝÐýÍè,È­»Ê¹þ¹þ¹þ,öïÍ¨öï,¶¥·ç×÷°¸,ÊÇ¸öÀÇ»ð,hhhhhh,ÎÒ,Ê±Æé¿ñÈýÊÖÇ¹,£¿,ÒªËØ¹ý¶à,¼¦ÄãÌ«ÃÀ,hahhqhah,¡ý¶ñÈ®¡ý,¹þ¹þ¹þ¹þ¹þ¹þ¹þ¹þ¹þ¹þ¹þ¹þ¹þ¹þ¹þ¹þ¹þ¹þ¹þ¹þ,hhhhhhh,¾­·ÑÔÚÈ¼ÉÕ,Ãû³¡Ãæ,ÒªËØ¹ý¶à£¬¹þ¹þ¹þ¹þ¹þ,°¡¡á,¿ã¶´¡¤À±ÏÉ¸ù,·´¸´ºáÌø,Æ½Á÷²ã²åÑí,ÍõÕ¨,Ð¦ËÀÎÒÁË,¹þ¹þ¹þ¹þ¹þ¹þ¹þ¹þ¹þ¹þ¹þ¹þ¹þ¹þ¹þ¹þ¹þ¹þ¹þ¹þ¹þ¹þ¹þ¹þ¹þ¹þ¹þ¹þ¹þ¹þ¹þ¹þ¹þ¹þ¹þ,ÕÒµ½³ö´¦ÁË£¡,Ò»ÃëÒ»°Ù´Î,¹þ¹þ¹þ¹þ¹þ,¹þ¹þ¹þ¹þ¹þ¹þ,¹þ¹þ¹þ¹þ¹þ¹þ¹þ¹þ¹þ¹þ,æ½æÎÈíÄÐÇò,¹þ¹þ¹þ¹þ,ÕâÒ»°ÍÕÆÉÈµÄºÃÁéÐÔ,¹þ¹þ,¹þ¹þ¹þ¹þ,¹þ¹þ¹þ¹þ,¹þ¹þ¹þ¹þ¹þ¹þ¹þ¹þ¹þ¹þ¹þ¹þ¹þ,ÈË²Å,ÎÒÌì°¡ÈË²Å°¡°¡°¡°¡°¡,Ðã¶ù,¿ã¶Ý À±ÏÉ¸ù,ÐÄÌÛÎÒÍõ¾³Ôó,ÕâÊÇÎÒÃùÈËºÚµÄ×î²ÒµÄÒ»´Î,6,°ÙÍòÌØÐ§,¹þ¹þ¹þ¹þ¹þ¹þ¹þ,ÕâÊÇÌæÉí¹¥»÷!,Ä¾´óÄ¾´óÄ¾´óÄ¾´óÄ¾´ó!,ÒªËÀÀ²£¡,°Ù¹íÒ¹ÐÐ,¿ãñÉÂÝÐýÍè,Áú¾í·ç´Ý»ÙÍ£³µ³¡,µÍ¶Ëµ²×ÖÄ»µÄË¾ÂíºÃÂð,¹þ¹þ¹þ¹þ,woc,±¦¾ß£º¸ßÒôÉñÇ¹,upÈêÉõÐã,ÔÒÍßÂ³¶à!,°¡,ÉñÍþ,ÊÕÈë¸ØÃÅÖÐ,Ò»ÕÐÏÊ³Ô±éÌì,²»£¡ÎôÈÕµÄÇ¿Õß±»Ò»Ò»»÷°Ü,Ã÷Ã÷ÊÇÈ­»ÊÀïÃæÄÇÁ½¸öÈËµÄ°µÁ÷ÌìÆÆ,ÂÝÐýÍè³öÏÖÁË,ÎÒ¿¿£¬ÕæµÄÊÇÈË²Å,°Ù¹íÒ¹ÐÐ¼ÓÁË×ÖÄ»£¿,Í¶±ÒÉÏÏÞ£¬ÈýÁ¬²Å³É¹¦Í¶±ÒÁË£¡£¡£¡É¥ÐÄ²¡¿ñ£¡,ÕýÆ¬¿ªÊ¼,Å·À­Å·À­Å·À­Å·À­Å·À­,¹þ¹þ¹þ¹þ¹þ¹þ,¹þ¹þ¹þ¹þ¹þ¹þ¹þ¹þ¹þ¹þ¹þ¹þ¹þ¹þ¹þ¹þ¹þ¹þ,Ìì£¡Ê·Ê«´ó×÷,Ê±Æé¾³Ôó,¹á´©ËÀÏèÖ®Ç¹,Ã·ÌìÀí,¹þ¹þ¹þ¹þ¹þ¹þ¹þ¹þ¹þ¹þ¹þ¹þ¹þ¹þ¹þ¹þ,ÕâÊÖËÙ,¹þ¹þ¹þ¹þ,Ð¦ËÀÁË¹þ¹þ¹þ¹þ¹þ¹þ¹þ¹þ¹þ,ÃùÈË£¿£¿,¹þ¹þ¹þ¹þ¹þ¹þ,¹þ¹þ¹þ¹þ¹þ¹þ£¬Ð¦ËÀÎÒÁË,Ò»¸öÄÜ´òµÄ¶¼Ã»ÓÐ,²»Ï÷ÄÜ´ò,¹þ¹þ¹þ¹þ¹þ¹þ¹þ,¶¥·ç×÷°¸£¬°¢ÆÅÖ÷±£ÖØ,Ðý·ç³å·æÁú¾í·ç,6,Ô­À´ÕâÊÇÎäÊõ,Õâ±³¿ÉÒÔ,ÃÔÖ®ÖÐÖ¸,¿ÕÊÖ½ÓºìÈÐ,Áú¾í·ç´Ý»ÙÍ£³µ³¡,2±¶ËÙ¡£¡£¡£,¶¥·ç×÷°¸,ÈÃÄÇ¸ö×ÔÓÉµÄÄÐÈËÀ´Ô×ÁËÕâ¼¦,×îÏ²»¶µÄ±´Ò¯£¬È»ºóÊÇÕæÏã,Ð¦ÉµÁË,¹þ¹þ¹þ,ÏãÏãµÛ,ÔÙÀ´ÒÚ±é,ÔÙÀ´ÒÚ±é,ÕâÒ»°ÍÕÆ£¬Ð¦ËÀÎÒÁË¡£,ÓÅÐã,¿ÉÒÔ,Å£Æ¤Ð¦µ½²»ÐÐ,¹þ¹þ¹þ¹þ¹þ,¹í²Å°¡,¹þ¹þ¹þ¹þ,¹þ¹þ¹þ¹þ¹þÈË²ÅÈË²Å,Ð¦Å¿,Ð¦ËÀ,¹þ¹þ¹þ¹þ,Å£±Æ,¹þ¹þ¹þ¹þ¹þ¹þ¹þ,Å«Á¼Â½Éú·çÆÀ±»º¦,ÉÙÖ÷¿ìÀ´ÊÕÑý£¡,Ì«ÃÀ,Ê³ÊºÀ²Äã,´Ö±ÉÖ®Óï,3Ãë06,°Ù¹íÒ¹ÐÐ,ÌØÐ§ºÃµÄÑ½,Òª          ËØ             ¹ý          ¶à,ÔÒÍßÂ³¶à,¹þ¹þ¹þ¹þ,°×¼¦Ò¹ÐÐ,°Ù¶ÈÌù°ÉÒÑµÁ,²»¶Ô£¬Íõ¾³ÔóÒ»»ïÈËµÄ¼¼ÄÜÄØ£¿,µÈµÈ£¬Íõ¾³ÔóÒ»»ïÈËµÄ¼¼ÄÜÄØ£¿,ÎÒ¼ÒöïöïÌ«À÷º¦ÁË,³ýÁË±´Ò¯¸Õ³öÏÖÊ±·ÅÁËÒ»¸öÊ±Í£¾ÍÃ»¼ûÈ«Ã÷ÐÇ·Å¼¼ÄÜ,ÕæµÎÐã,¸Õ¸Õ,Ë²ÓüÉ±,ÉÏÏã,Å£,zio,Å£±Æ,àÛ¹þ¹þ¹þ¹þ¹þ,¹þ¹þ¹þ¹þ¹þ,¹þ¹þ¹þ¹þ¹þ¹þ,¹þ¹þ¹þ¹þ¹þ¹þ¹þ¹þ¹þ¹þ¹þ¹þ¹þ¹þÅç·¹ÁË,skrskrskr,Õâ²»Ï÷£¿ÔõÃ´Íæ£¿,hhhhhhhhhhhhhhhh~,ÕâÌØÐ§ÎÒ¸øÂú·Ö,¾¹¸Ò´òÄãÂíÔÆ°Ö°Ö,¹þ¹þ¹þ¹þ¹þ¹þ¹þ¹þ¹þ¹þ¹þ¹þ,ÌØÐ§Âú·Ö,ÆÆÀÃ,ÕÜÑ§,ÕÜÑ§¡á,µÂÀöÉµ¹þ¹þ¹þ¹þ,¼¦ÄãÌ«ÃÀ,Õæ¡¤ÈºÄ§ÂÒÎè,ÂÉÊ¦º¯¾¯¸æ,¼¦ÄãÌ«ÃÀ£¡,¹þ¹þ¹þ¹þ¹þ¹þ¹þ¹þ¹þ¹þ¹þ¹þ¹þ¹þ¹þ¹þ¹þ¹þ¹þ¹þ¹þ¹þ¹þ¹þ¹þ¹þ¹þ¹þ¹þ¹þ¹þ¹þ¹þ¹þ¹þ¹þ¹þ¹þ¹þ¹þ¹þ¹þ¹þ¹þ¹þ¹þ¹þ¹þ¹þ¹þ¹þ¹þ¹þ¹þ¹þhhhhhhhhh,ÔÙÀ´Ò»´Î,ÂÉÊ¦º¯¾¯¸æ,ÀÇÈË£¡,àÛ¹þ¹þ¹þ¿ãñÉ,àÛ¹þ¹þ¹þ¹þ,ÈË²Å£¡,àÛ¹þ¹þ¹þ¹þ,ÈË²Å£¡,ÓÌ´ó·¢ÉäÆ÷±¨µÀ,É§,Ì«Ç¿ÁË,ÄÄÀïÓÐ²ËÐéöï ÄÄÀï¾ÍÓÐÎÒ£¡,¿ì¶¶ÃëÒÑµÁ,¶¥·ç×÷°¸,¹þ¹þ¹þ¹þ¹þ¹þ¹þ¹þ¹þ¹þ¹þ¹þ¹þ¹þ¹þ¹þ¹þ¹þ¹þ¹þ¹þ¹þ¹þ¹þ¹þ¹þ¹þ¹þ¹þ¹þ¹þ¹þ¹þ¹þ¹þ¹þ¹þ¹þ,¹þ¹þ¹þ¹þ¹þ¹þ¹þ¹þ¹þ,¹âÇ¹,¶¼ÊÇÈË²Å ¹þ¹þ¹þ,ÔÚÏÂµÚ°Ë±é,¿ãñÉ£¬ÂÝÐýÍè,Ðã,ÐÝÌ«,¡£¡£¡£,¹þ¹þ¹þ¹þ,taikepale ,²»»á¹þ¹þ¹þ¹þ¹þ¹þ¹þ¹þ¹þ¹þ,¿Ö²À,ËÀÉñVS»ðÓ°,ÂÒÉä ,É¶ÊÂgay,±ØÐëµãÔÞ,¿ìÈ¥ÇëÂ¬À´·ð×æ,ÎÒ²»ºñµÀµÄÐ¦ÁË,·ï»ËÁÒ²¨,öïÅÉÆø¹¦,¹þ¹þ¹þ¹þ¹þ¹þ¹þ¹þ¹þ¹þ,¹þ¹þ¹þ¹þ¹þ¹þ¹þ¹þ¹þ¹þ,ÓÌ´óÅ¶Å¶Å¶,ÄÎË¹,½¶ÈÌ¼²·ç´«,Å£Æ¤,°¡¡×,ÌØÐ§¿ÉÒÔ,nb,ÎÒÂ¬ÀÑÒ¯ÁË£¿,ßÆÍßÂ³¶à£¡,ÉñÆ÷ ¡º¸Ô¸ñÄá¶û¡»,·ç·û ¡º·çÖ®½á½ç¡»,»ÃÊ±·û ¡ºThe World¡»,ÎÒ²»¿ÉÄÜÊäÔÚÎÒµÄBGMÀï£¡,¶¥·ç×÷°¸,¹þ¹þ¹þ,¡£,²»µÃ²»ËµUpÖ÷ÊÇ¸ö¸ã´óÊÂµÄÈË²Å£¬°¡¹þ¹þ¹þ,ÎÒÒªÕâÓ²±ÒÓÐºÎÓÃ,ÄãÔÙÂî£¿,²ÌÐìÀ¤ÍË³öÑÝÒÕÈ¦,¶¶ÒôÒÑµÁ,¿ãñÉ-À±ÏÉ¸ù,ÖÕ¼«ÂÉÊ¦º¯,¹þ¹þ¹þ¹þ¹þ¹þ,¹þ¹þ¹þ¹þ¹þ¹þ¹þ¹þ,¹þ¹þ¹þ¹þ¹þ¹þ,ÊÇ¸öÀÇÑÌ,¶·Æø»¯Âí,bgm¼Ó³ÉÉËº¦,·è¿ñÔËÇò,n,¹þ¹þ¹þ¹þ,²¨á°¿É,¹þ¹þ¹þ¹þ¹þ¹þ¹þ,²Ý,½Ó°àÈË,²Ë,ËµÄãÊÇÌì²Å£¬¶¼ÊÇÎêÈèÁËÄã,×ä,¹þ¹þ¹þ¹þ¹þ,ÌìÐã,£ß£ß£ß£ß£ß£ß£ß£ß£ß£ß£ß£ß£ß£ß£ß£ß£ß£ß£ß£ß£ß£ß£ß£ß£ß£ß£ß£ß£ß£ß£ß£ß£ß£ß£ß£ß£ß£ß£ß£ß£ß£ß£ß£ß£ß£ß£ß£ß£ß£ß£ß£ß£ß,£ß£ß£ß£ß£ß£ß£ß£ß£ß£ß£ß£ß£ß£ß£ß£ß£ß£ß£ß£ß£ß£ß£ß£ß£ß£ß£ß£ß£ß£ß£ß£ß£ß£ß£ß£ß,àÅ,±³Éí¸ñµ²£¬£¨´«ÎÅÈ­»Ê²ÝËS¾©»ÓÈ­Á¬»÷ÆäÖÐÓÐÒ»´Î£©±³¶ÔÆÁÄ»£¬¿ÉÒÔ¸ñµ²ËùÓÐ¼¼ÄÜ,²ÌÐìÀ¤Éíºó³öÏÖÁËÒ»¸öÂíÍ°,ÊÇÊ±ºòÄÃ³ö´ó¸«Í·ÁË£¡,ÄãºÅÃ»ÁË,Ð¦ËÀ,¹þ¹þ¹þ¹þ¹þ¹þ¹þÆøºò,ÖÚËùÖÜÖª£¬ÊÓÆµ²»¿ÉÒÔp£¬ËùÒÔÕâÊÇÕæµÄ,tql,Å£Åú,¶¥·ç×÷°¸,ÂÉÊ¦º¯¾¯¸æ,(||_),¾ÀÕý£º´Ë´¦ÊÇÐ¡¹ÃÁ¹ÄãÖ§¸¶±¦ÕËºÅÃ»ÁË[»¬»ü],ÕâÍæÒâÉÏ¿Î²»ÄÜ¿´,ÑÀÍ¨ÑÀ£¿,ÎÒµÄ¸ßÒô,¹þ¹þ¹þ¹þ°¦°¦°¦¹þ°¡¹þ¹þ¹þ¹þ¹þ°¦,¹þ¹þ¹þ¹þ°¦°¦°¦¹þ°¡¹þ¹þ¹þ¹þ¹þ°¦,²ÌÐìÀ¤±»ºÚµÄ×î²ÒµÄÒ»´Î,Ã¿ÈÕÒ»Ë¢,NB,ÕâÒ»°ÍÕÆÐ¦ËÀÎÒÁË¹þ¹þ¹þ¹þ¹þ¹þ,ÔÚÕâ¸öBGMÀïÄãÎÞ·¨Õ½Ê¤Ëü,·è¿ñÔËÇò,ÄÇÎ»´óÈË,Ç°·½ºËÄÜ,cxkÕ½¸è,Ðý×ªÍ»½øµÄcxk,¡£¹þ¹þ¹þ¹þ¹þ¹þ¹þ¹þ¹þ,xswl,ºÃÇ¿°¡,¹þ¹þ¹þ¹þ¹þ¹þ¹þ,¿Õµ÷joÌ«ÀÉ,Õâ¸öÊÇdnfµÄÄ§Ç¹Ê¿¼¼ÄÜ°¡¡£¡£,¹þ¹þ¹þ¹þ¹þ,À÷º¦À÷º¦,¹þ¹þ¹þ¹þ¹þ¹þ¹þ¹þ¹þ¹þ¹þ,¿ìÇëÂ¬À´·ð×æ,¹þ¹þ¹þ¹þ¶ì,ÏÈ6Îª¾´,Ä¾Ì«Ä¾Ì«,¹þ¹þ¹þ¹þ¹þ¹þ¹þ,¹þ¹þ¹þ¹þ¹þ¹þ¹þ,ÁùÉ±²»ÒªÌ«Ðã,Ðãµ½ÎÒÍ·Æ¤·¢Âé,×îÇ¿ÕÐÊ½ÂÉÊ¦º¯,±»ÆÆÁË,ÓÂÕßÍõggg£¡,Î­ Ãû Á÷,¸ßÄÜÔ¤¾¯,¹þ¹þ¹þ¹þ,´øÖÆ×÷,ÄãºÅÃ»ÁË,CSOLÉîÔ¨ÊÖÇ¹,hhhhhhhhhhh,Õ¦ÍßÂ³¶à,ÔÚÎÒµÄBGMÀïÎÒÊÇÎÞµÐµÄ,¿ìÈ¥ÇëÂ¬À´·ð×æ,m,j,k,¿ìÈ¥ÇëÂ¬À´·ð×æ,¹þ¹þ¹þ¹þ¹þ¹þ¹þ¹þ¹þ¹þ,ÕâÒ²Ì«Ç¿ÁË°É¡£,¹þ¹þ¹þ¹þ,¹þ¹þ¹þ¹þ¹þ¹þ¹þ¹þ,À´¡á,¹íÐóÈ«¼ÒÍ°£¿£¿,Ãþ¾¥Ð£Î¾µÄÅÂ²»ÊÇ¸öÈË²Å,ÖÖÖí¹þ¹þ¹þ,ÒÑ¾­Ð¦ÔÎ,ÒÑ¾­Ð¦ËÀ,¶ö¡ª¡ª,Ð¦·èÁË,²ÌÐìÀ¤£ºÔÚÎÒµÄbgmÀïÃ»ÈËÄÜ´ò°ÜÎÒ,ÔÒÍßÂ³¶à£¡,Ðã,Å£±Æ,¸ñÁÖ¼¦Ç¹,²Ì,¶¥·ç×÷°¸,ÂÉÊ¦º¯¾¯¸æ,ÎÞµÐ¡¤¼¦ÄãÌ«ÃÀ,ÎÒÓë³Ç±±ÐìÀ¤ÊëÃÀ£¬¼¦ÄãÌ«ÃÀ,È«ms (>_<),ÎÒ¡áÈ¥,½ðÆ¤¿¨£¡£¡£¡£¿,¹þ¹þ¹þ¹þ¹þ,à¸à¸Å¶à¸à¸,Áú¾í·ç´Ý»ÙÍ£³µ³¡,ÕÅÑ§ÓÑÌ¨´ÊºÃÆÀ,À÷º¦,ÑÀÍ¨ÑÀ,ÄãÒ»ÄÑÌÓÒ»Îü,àÛ¹þ¹þ¹þ¹þ¹þ,ÕæÏã,ÓîÖÇ²¨´øÍÁ£¿,¸ò¸ò¸ò,ÕÒµ½ÁË£¡,Èç¹û²ÌÐìÀ¤¿´µ½»áÔõÃ´Ñù,ÂÉÊ¦º¯¾¯¸æ,À´!,¶¥·ç×÷°¸,ÔÚÎÒµÄBGMÖÐÎÞÈËÄÜµÐ,ÊÖ½Ó°×ÈÐ,Íõ¾³Ôó    ×ä,NB,¹þ¹þ¹þ,¹þ¹þ¹þ¹þ¹þ,¹þ¹þ¹þ¹þ¹þ¹þ,¿ãµ³£¬À±ÏÉ¸ù,Ë²ÓüÉ±,ÊÖ³åÕ½Ê¿,Áú¾í·ç´Ý»ÙÍ£³µ³¡,±Ü¡£¡£±ÜÊ¸Ö®¼Ó»¤£¿£¿£¨Ç¹ËãÍ¶ÖÀÎäÆ÷Âð£¿£¿£¿£©,ºìAµÄµ¶£¿£¿£¿,ÉîÔ¨Ë«Ç¹,Íõ¾³ÔóÔÙÆð²»ÄÜ,²ÌÐìÀ¤V8,Ã»ÈË¸Ð¾õÈ«ÃñÖÆ×÷ÈËÂð£¿,¹þ¹þ¹þ¹þ¹þ¹þ¹þ¹þ¹þ,×ÔÐÅ,ÎÒ²ÁÕâÉùÒôÊÇÒô³²µÄ×ÔÐÅ,Áú¾í·ç´Ý»ÙÍ£³µ³¡!,ÏÂÃæµ¯Ä»³¬Éñ,´óÖÆ×÷,¹þ¹þ¹þ,Å£±Æ,¹þ¹þ¹þ,¹þ¹þ¹þ,ÂÉÊ¦º¯¾¯¸æ,upÖ÷µÄºÅÃ»ÁË,¹þ¹þ¹þ¹þ¹þ¹þ,CXK£ºÃ»ÈËÄÜÔÚÎÒµÄBGMÀï´ò°ÜÎÒ£¡£¡£¡,ÎÞ  ÏÞ  Õ½  Õù,ÊÇÄã£¡£¡CSOL  Ç¹¶·Êõ,ÔÒÍßÂ³¶à!,ÕâÃ÷ÏÔÊÇdnfÎÚÑ»°¡,²»¾ÍÊÇ¸öÓ²±ÒÂï¸øÄã¸øÄã,±´Ò¯±»ºÚµÄ×î²ÒµÄÒ»´Î,ºì×ÖÓÅÐã,¶¼›]Íæß^µØÏÂ³Ç£¿,nb,ßÆÍßÂ³¶à£¡,Ä¾´óÄ¾´óÄ¾´ó!, ÊìÏ¤µÄÕÐÊ½,o,hhh,¹þ¹þ¹þ¹þ¹þ¹þ¹þ¹þ¹þ,¹þ¹þ¹þ¹þ¹þ¹þ¹þ¹þ¹þ,ÕâÊÇÎÒÊÇÎÒ¼û¹ý×îÉ§µÄ,¹§Ï²Äã·¢ÏÖÕòÕ¾Ö®±¦¡£,ÃùÈË±»ºÚµÄ×î²ÒµÄÒ»´Î,vanÄØ,ÆÆÏþÀèÃ÷£¡,Ö»ÀÇ¶¼²»·Å¹ý,¹·ÀÚÎÒÖªµÀÄãÔÚ¿´,Î÷¹ÏÊÓÆµÒÑµÁ,ÂÉÊ¦º¯,ÔÙÀ´Ò»±é,¹þ¹þ¹þ,²ÌÐìÀ¤´¦ÐÌÇú,¹þ¹þ¹þ¹þ¹þ¹þ¹þ  ,pause£¡,¹þ¹þ¹þ¹þ¹þ¹þ¹þ¹þ¹þ¹þ¹þ¹þ¹þ¹þ¹þ¹þ¹þ¹þ¹þ¹þ¹þ¹þ¹þ¹þ¹þ¹þ¹þ¹þ¹þ¹þ¹þ¹þ¹þ¹þ¹þ¹þ¹þ¹þ¹þ¹þ¹þ¹þ¹þ¹þ¹þ¹þ¹þ¹þ¹þ¹þ¹þ¹þ¹þ¹þ¹þ¹þ¹þ¹þ¹þ¹þ¹þ¹þ¹þ¹þ,Ð¡»ï×ÓÄãÖ§¸¶±¦ºÅÃ»ÁË,´«ËµÖÐµÄmiss,ÔÒÍßÂ³¶à,ÓîÖÇ²¨´øÍÁÉñÍþ,¼¦·Éµ°´òÉäÏß,Acher²¨À½¸ç,»¹ÓÐ½âËµ¹þ¹þ¹þ¹þ¹þ,Íõ¾³Ôó£¬×ä,Áú¾í·ç´Ý»ÙÍ£³µ³¡£¡£¡,Áú¾í·ç´Ý»ÙÍ£³µ³¡£¡£¡,¹þ¹þ¹þ¹þ¹þ,ÂÉÊ¦º¬¾¯¸æ,ÎÔ²Û¹þ¹þ¹þ¹þ¹þ¹þ¹þÐ¦ËÀÎÒÁË,ÃùÈË±»ºÚµÄ×î²ÒµÄÒ»´Î,ÂÝÐýÍè,Íõ¾³Ôó¸øÄªÅ·ÎÑ,Ó°·ÖÉíÖ®Êõ,Èý¸öÖÐÍõ¾³Ôó»îµÄ×î¾Ã,Íõ¾³Ôó¼ÓÓÍ£¡,Ä¿²âÍõ¾³Ôó»îµÄ×î¾Ã,ÎÒ°¢¸£±»ºÚµÄ×î²ÒµÄÒ»´Î,ÍÛ,Å£±Æ,ÃØ¼¼£ºÕæÏãÂÝÐýÉ±,×îÓÒÉÏÃæÊÓÆµË®Ó¡ÊÇÃëÅÄµÄ,²¨À½Õ¶,.,upÖ÷ÊÇ¸öÀÇÈË,Ðã,¹þ¹þ¹þ¹þ,Õâ¾ø¶ÔÁùÃ«ÌØÐ§,¹þ¹þ¹þ¹þ,ÎÒÄáÂê  ÕâÌìÐã,´åÓê£¡Ö©ÖëÇÐ£¡Í¯×ÓÇÐ£¡,ÌØÐ§ÕæµÄ»ªÀö,ºÃ×ßÎ»!,´óÇ¹¶þ¾õ,¹þ¹þ¹þ¹þ¹þ¹þ¹þ¹þ¹þ¹þ¹þ¹þ¹þ¹þ¹þ¹þ¹þ¹þ,¿´µãÒÑµÁ,ÉÏñ«ÁË~,Ç°·½¸ßÄÜ,ÕâÔã¸âµÄ×ËÊÆ,¿ìÇëÂ¬À´·ð×æ,»¹ºÃ»¹ºÃ¹þ¼Ò,ÔÒÍßÂ³¶à£¡,×îÅ£,ÌØÐ§Ïò,ÌØÐ§Ïò,¹þ¹þ¹þ¹þ¹þ¹þ¹þ¹þ¹þ,¹þ¹þ¹þ¹þ¹þ¹þ¹þ¹þ,ÕâÊÇ·ÅÆ¨µÄÉùÒô°É£¿¹þ¹þ¹þ¹þ¹þ¹þ¹þ¹þ,¹þ¹þ¹þ,¿ì£¬¶¶£¬Ãë¾ùÒÑµÁ,¿ì£¬¶¶£¬Ãë¾ùÒÑµÁ,¿ì£¬¶¶£¬Ãë¾ùÒÑµÁ,bgmÍ»È»¾ÍÐøÉÏÁË£¬¶·ÆøÖµÂú,ÕâÀïºÃÏñ¸ÄÁË¡­¡­,ÕæºÃ,àÃÆ¨ÁË,ÔÒ£¬ÍÛÂ³¶ß,ÈöÐÝ¸Â×ÓQ¸Â×Ó ,À´¿´,gei²¤ÂÜ¿Ë,ÎÒ¾¹È»¾õµÃÓÐµãË§,¹þ¹þ¹þ¹þ¹þ¹þ¹þ¹þ¹þ,Ðã,Ðã£¬,cxkÐã°¡,²»ÒªÎêÈè»ðÓ°ÈÌÕß,ÓÌ´óµÄÊÄÔ¼£¿,¹þ¹þ¹þ¹þ¹þ¹þ¹þ¹þ,ºÇºÇ¹þ¹þ¹þ,Ç°·½¸ßÄÜ,Ç°·½¸ßÄÜ,²ËÐéöïµÄÏëÏó,²Ë,²Ì,²Ë,Å£±Æ,ÊÕ²Ø¡¿,Áú¾í·ç´Ý»ÙÍ£³µ³¡£¡,ÔÚÎÒµÄBGMÀïÎÒ²»»áÊä,66,ÄÃÉö¸Õ,ÀºÇòÄÄÂòµÄ£¬ÖÊÁ¿ºÃºÃ,ÕâÒÂ·þÅÂ²»ÊÇÕñ½ð×öµÄ,ÂÉÊ¦º¯¾ÍÊÇ¾øÕÐÂðhhh,ÄãºÅÃ»ÁË,¿ãñÉÂÝÐýÍè,ÂÒÉä,¸Ð¾õÕâÊÇ×îÅ£ÅúºÚ²ÌÊÓÆµ¡£¡£¡£,Ã¿ÌìÒ»±é,¿ìÈ¥Çë½¶ÈÌ,Õâ¹íîøÅ£±Æ,ÕâÎïÀíÉÁ±ÜºÃ¸ß°¡,È­»Ê±ØÉ±,¹þ¹þ¹þ ÖÐÖ¸,¹þ¹þ,Ïë¿´È«Ã÷ÐÇ·´É±µÄÇ°ÍùµÚ¶þ¼¯,hhhhhhhh,°Ù·Ö°Ùsans,Ë²ÓüÉ±,ÃîÔÕ,Í£³µ³¡´Ý»ÙÁú¾í·ç,Áã×ÜµÄ¼¼ÄÜ±»µÁÁË£¬ÂÉÊ¦º¯¾¯¸æ,¹þ¹þ¹þ¹þ¹þ¹þ¹þ¹þ¹þ,¹þ¹þ¹þ¹þ¹þ¹þ¹þ¹þ¹þ¹þ¹þ¹þ¹þ¹þ¹þ¹þ¹þ¹þ,ÎÚÑ»×ø·É»ú£¬Áú¾í·ç´Ý»ÙÍ£³µ³¡,ÎÒ°®Äã£¬£¬£¬£¬£¬,³ÔÎÒÑ¹Â·»ú,ÄãÃ»Ç®Ç®,ÕýºÃ9Ãë,ÐåµÄÎÒÍ·Æ¤·¢Âé,ÒÑ±»µÁ,×ÔÔÚ¼ÇÒä¹¦²ÌÐñÀ¤,Õ¦ÍßÂ³¶à,¹þ¹þ¹þ¹þ,66,¹þ¹þ¹þ¹þ¹þ¹þ¹þ,½¶ÈÌ¼²·ç´«£¡£¡£¡,Ò»Ë²Ç§»÷£¡,ºÇºÇºìºì»ð»ð»Ð»Ðã±ã±¹þ¹þ¹þ¹þ¹þ¹þ¹þ¹þ¹þ¹þ¹þ¹þ¹þ¹þ¹þ¹þ¹þ¹þ¹þ¹þ¹þ¹þ¹þ¹þ¹þ¹þ¹þ¹þ¹þ¹þ¹þ¹þ¹þ¹þ¹þ¹þ¹þ,ßÆÍßÂ³¶à£¡,Á¬¿´¶þ±é,ÔÙÀ´Òä±é,Ã»ÈËÄÜÔÚËûµÄbgmÀï´ò°ÜËû,ÐÂÊÖ±£»¤ÆÚ¡£,Å£±Æºåºå,cxk:ÔÚÎÒµÄBGMÀïÃ»ÈËÄÜ´ò°ÜÎÒ,ÔÒÍßÂ³¶à,ÔÒÍßÂ³¶à,ÂÉÊ¦º¯,¿ÉÒÔ¸ÄÎªÓÃÍ·¶¥°¡,±³¾°½¡Éí·¿,¹þ¹þ¹þ¹þ¹þ¹þ¹þ¹þ¹þ¹þ¹þ¹þ,²ÌÐìÀ¤´Ý»ÙÍ£³µ³¡,¹þ¹þ¹þ,öï¹ÅÄá¶û,¹âÇ¹,Á÷Åú,ÌØÐ§±¬Õ¨,»ðÓ°ÃþñÉÅÉ´´Ê¼ÈË,Ç°·½¸ßÄÜ,¹þ¹þ¹þ»Ð»Ðã±ã±¹þ¹þ¹þ,¹þ¹þ¹þ¹þ¹þ¹þ¹þ¹þ¹þ¹þ¹þ¹þ¹þ,¹þ¹þ¹þ¹þ¹þ¹þ¹þ¹þ¹þ¹þ¹þ¹þ¹þ¹þ,µÂÀòÉ¯£¿,ÔÒÍßÂ³¶à,jojo£¡£¡£¡£¡£¡£¡£¡,ÔÒÍßÂ³¶à£¡,Ä¾´óÄ¾´óÄ¾´óÄ¾´óÄ¾´óÄ¾´óÄ¾´óÄ¾´óÄ¾´óÄ¾´óÄ¾´óÄ¾´óÄ¾´óÄ¾´óÄ¾´óÄ¾´ó,»ÃÓ°Ðý×ª,²ÌÐìÀ¤´Ý»ÙÍ£³µ³¡£¡,·è¿ñÔËÇò,ÊÖ³å8Ð¡Ê±,ÊÖ³å,¹þ¹þ¹þ£¬Ðã,ÂÉÊ¦º¯¾¯¸æ,¹þ¹þ¹þ¹þ¹þ¹þ¹þ¹þ¹þ¹þ¹þ¹þ¹þ¹þ,¹þ¹þ¹þàÃ,±¦¾ß£ºÓ°ÇÀ,Áú¾í·ç´Ý»ÙÍ£³µ³¡£¡,£¡£¡£¡,¹þ¹þ¹þ¹þ¹þ,¼¦ÄãÌ«ÃÀbgm¼Ó³É£¬·¸¹æ,ÉñÍþ,Áù¡£P¡£,°¡°¡°¡°¡°¡°¡°¡°¡,Ç¿´ó,ÓÅÐã,ÓÒ±ßÊÇVan£¿,ÔÒÍßÂ³¶à£¡,nb,ÔÒÍßÂ³¶à,ÂÉÊ¦º¯¾¯¸æ,ÂÉÊ¦º¯¾¯¸æ,ÈË²Å,¼¦·Éµ°´òÉäÏß¡£,ÎæñÉ¹¦´«ÈË,Îæµ²,2±¶²ÅÊÇÕæÕýµÄ¸ßÊÖ¶Ô¾ö,ÕæÏã,ÎÒÒ²ÏÓÆúÄã,°¡¡£       ,²»ÊÇÎÒ´ò²»¹ýÄã£¬¶øÊÇÎÒÃ»´Ê¶ùÁË,ËÆÀî£¬Çò×´ÉÁµç£¡,ËÀÉñVS»ðÓ°Àï´øÍÁµÄ´ó,¿Ì¿ÌµÛ£¡,×îºóÒÚ±é,¶¥·ç×÷°¸,µØÓü»æÍ¼,ÉîÔ¨,¹þ¹þ¹þ¹þ¹þ,×îºóÒ»±é,¹þ¹þ¹þ¹þ¹þ¹þ¹þ¹þ¹þ,ÄãÔÙÂî,ÔÚÎÒµÄbgmÀïÃ»ÈËÄÜ´ò°ÜÎÒ,¹þ¹þ¹þ¹þ¹þ¡¤,³ÔÁËËû±´Ò¯,¹þ¹þ¹þ¹þ¹þ¹þ,¹þ¹þ¹þ¹þ¹þ¹þ¹þ¹þ¹þ¹þ,¹þ¹þ¹þ¹þ¹þ¹þ¹þ¹þ¹þ¹þ¹þ¹þ¹þ¹þ¹þ¹þ¹þ¹þ¹þ¹þ¹þ¹þ¹þ¹þ¹þ¹þ¹þ¹þ¹þ¹þ¹þ¹þ¹þ¹þ¹þ¹þ¹þhhh,ÎÞµÐ,n,ÈË²Å°¡ÎÔ²Û,ÎÞµÐ,ÎÞµÐ,ÎÞµÐ,n,ÈËÌåÃè±ß¹þ¹þ¹þ¹þ¹þ¹þ,ÌØÐ§Õ¨ÁÑ,ÔõÃ´Íæ,²ÌÐìÀ¤·¢ÑÔ¼¤ÁÒ±»Ìß³öÖ±²¥¼ä,vanÄØ,ÂÉÊ¦º¯¾¯giao,Ðã,×îºóÒÚ±é,6,±íÇé°üÎÒÓÐ,×ÔÔÚ¼¦Òâ¹¦,¶¥·ç×÷°¸,ÈÏÕæ±ØÉ±ÏµÁÐ£ºÈÏÕæ·´¸´ÉÁ±Ü,ÎÒµÈÆ´ÉÏÐÔÃüÊØ»¤µÄÈËÀí£¬ÓÖÔõÄÜÈÃÄãÈç´ËÇáÒ×µØ»ÙÃð,ÎÅ¼¦ÆðÎè,:ÎÅ¼¦ÆðÎè,Ç°·½ºËÄÜ,hahahaha,ÎªÊ²Ã´ÒªÎêÈè±´Ò¯,Ç°·½¸ßÄÜ,ÖÜÓ¾¿µ,ÂÉÊ¦º¯¾¯¸æ,ÇòÈÐ·ç±©,ºìaµÄµ¶,ÈË²Å,ÔÚÎÒµÄBGMÏÂË­ÄÜÓ®ÎÒ£¿,Î£,6B,¿ã¶Ý  À±ÏÉ¸ù,Ð¦ËÀÎÒ¶ÔÄãÓÐÊ²Ã´ºÃ´¦,öï¾í·ç´Ý»ÙÍ£³µ³¡,·è¿ñÔËÇò,ÂÝÐýÍè,ÄãÕ¦ÂîÈËÄØ£¿£¿,Ðã°¡,¹þ¹þ¹þ¹þ¹þ¹þ¹þ¹þ,µ¯µ¯µ¯,ºÇºÇ¹þ¹þ¹þ,ÎÔ²ÛÁùÁùÁù,Å£êþÎÔ²Û,Éñ¼¶·èñ²ÔËÇò,ßÆÍßÂ³¶à,¹þ¹þ¹þ¹þ¹þ¹þ¹þ¹þ,ÎÅ¼¦ÆðÎè,°×ÖçÍõ×ÓÙøÕþ,¼¦ÄãÌ«ÃÀ,¶·   ÍË     ¼ä,.,ÂÝÐýÍè,°×ÖçÍõ×ÓÙøÕþ,Pause,ÎÒÈ¥£¬hhhhhhh,ÈË²Ånb,¹þ¹þ¹þ¹þ¹þ,¿´µ½ÄãÃÇËµºÃ¶àÊÂÇé¶¼±»¶¶ÒôµÁÁË£¬¿ìÊÖÊÂ¼þ»¹ÏëÔÙÀ´Ò»´ÎÂð,¹þ¹þ¹þ¹þ¹þ¹þ,¾Õ²¿¿ª»¨ºÃÆÀ,²»ÊÇÖ»ÓÐÎå¸öÂð£¿,´óÆ¬µÄ³¡¾°,µç¹â¶¾Áú×ê,ÊÖ³å²¨,×ÔÔÚ¼«Òâ¹¦,ËûÔõÃ´»áÏã½¶¾ýµÄÕÐÊ½,×ÔÐÅ,ÖÐÖ¸Ê²Ã´¹í,°ÂÒå£¬ÔªÆøµ¯,Á¬Ê±¼ä¶¼ÎÞ·¨¿ØÖÆµÄÂÀÈË,µï±¤ÁË£¡£¡,²»»á´òÍÅ,¹þ¹þ¹þ¹þ¹þ¹þ¹þ¹þ¹þ¹þ¹þ¹þ¹þ¹þ¹þ¹þ,Ë¹¿¨¹þ±¦¾ß,´øÖÆ×÷,ÒªÐ¦ËÀÁË,H¹þ¹þ¹þ¹þ¹þ¹þ¹þ¹þ¹þ¹þ,¿¨µãÌ©ÍêÃÀ,ÓÌÔ¥£¬¾Í»á°Ü±±,·çÉ±Õó,G,gay  ±¬ÁË¸ç,Ã»ÈËÄÜÔÚÎÒµÄbgmÖÐ´ò°ÜÎÒ,ÌìÐã,Ðã¶ù,¸úÂ¬±¾Î°¿ª¹ÒÓÐÊ²Ã´Çø±ð,½ÐÂ¬±¾Î°¹ýÀ´,ÑÀÍ¨ÑÀ,±´Ò¯»î×î¾ÃÒòÎªÊ±¼äÍ£Ö¹,ÌìÐã,ÎÒÏÓÆúÆÆÀÃ¡«,ÔªÆøµ¯,²ÌÐìÀ¤´Ý»ÙÍ£³µ³¡,¹þ¹þ,ÔÒÍßÂ³¶à£¡£¡£¡,vanÑù±ä·ÖÉí,ÕâÊÇÉñÍþ±»ºÚµÃ×î²ÒµÄÒ»´Î,±´Ò¯²»ÄÜÕâÑù±»ÄãÎêÈè,¹þ¹þ¹þ¹þ¹þ¹þ¹þ¹þ,Íõ¾³Ôó£ºÎ¢Ð¦Ãæ¶ÔÒ»ÇÐ,À÷º¦À÷º¦,¹þ¹þ¹þ¹þ¹þ¹þ,ÄãÃ»**.....,Íõ¾³ÔóÂÊÏÈµÇ³¡,ÎÔ²ÛËÀÉñvs»ðÓ°µÄ,°ÂÒå¡£¼¦ÃÀÆø¹¦,ÂÉÊ¦º¯¾¯¸æ,ÄãÃ»**,ÈË²Å,²»È¥ÅÄ¶¯»­Æ¬¿ÉÏ§ÁË,ÕÐÕÐÖÂÃü,¹þ¹þ¹þ,ÆßÖ®µ¯,ÎÅ¼¦ÆðÎè,àÓàÓàÓ,ÂÉÊ¦º¯¾¯¸æ,³ÂæºìÇÄã²»ºÃºÃ¶ÁÊéÓÖÀ´¿´¹íÐó£¿,³ÂæºìÇÄã¶ÁÊéÕæÏñ²ÌÐìÀ¤°¡,¹þ¹þ¹þ¹þ¹þ¹þ¹þ¹þ¹þ¹þ¹þ¹þ¹þ¹þ¹þ,ÔÒÍßÂ³¶à,°²Ï¢,Ä¦²ÁÄ¦²Á,ÊÇÄãÓÌ´ó,¹þ¹þ¹þ°¡¹þ¹þ,ÉñÍþ,¹þ¹þ¹þ¹þ¹þ¹þ¹þ¹þ¹þ¹þ¹þ¹þ¹þ¹þ,µÂÀöÉ¯ÊÀ½çµÚÒ»¿É°®£¡,²Ý,ºÃ,·çÖ®ÂÉÕß,¹þ¹þ¹þ£¬Ð¦ËÀ,¹þ¹þ¹þ¹þ¹þ¹þ,²¨À½¸ç:´ó¼Ò£¬¸øÎÒ10Ãë,ÐÇ±¬ÆúÁÆÕ¶,ÔÒÍßÂ³¶à,ÈË²ÅupÖ÷,·þÁË,ºìºì»ð»ð»Ð»Ðã±ã±,ÂÝÐýÍè£¡,ÔÒÍßÂ³¶à£¡£¡£¡£¡£¡£¡£¡£¡,jÄãÌ«ÃÀ,Ìù°ÉÒÑµÁ,ÕæÏã,À¶Çò¼Ó»¤,chara£¡À´Ò»ÏÂ£¡Õâ±Èsans»¹ÄÜ¶ã£¬¿¿ÄãÁË£¡,·ç¶Ý ÂÝÐýÍè,Íõ¾³Ôó×ä,Î÷ÄÚ,¶·ÆÆ²Ôñ·ÒòÓïÑÔ¹ý¼¤±»Ìß³ö·¿¼ä,ÂÝÐýÍè,µç¹â¶¾Áú×ê,xiu,diao,¶·ÆÆ²Ôñ·¾ç×éÍË³öÈºÁÄ,hhhhh,ÔÙÀ´ÒÚ±é,µÂÀöÉ¯£¬ÊÇÄãÂð£¿,ÂÉÊ¦º¯,²»Ï÷ÄÜÍæ£¿,²»Ï÷ÄÜÍæ£¿,Èº      Ä§      ÂÒ      Îè,£ÀÍõ´ó¾³Ôó,¹âËÙÊÖ³å,ÉñÍþ,¿ìÈ¥ÇëÂ¬À´·ð×æ,ÂÝÐýÉýÌì,QQ¿Õ¼äÒÑµÁ,The world,Heaven   Justice,Áã×ÜµÄ¼¼ÄÜ°¡,ÎÒÂèËµÎÒÐ¦µÃÏñ¸öÉµ¹Ï,¿ãñÉ¡ª¡ªÂÝÐýÍè,BGMÅ£±Æ,¿ãñÉÂÝÐýÍè£¡£¡£¡,¹þ¹þ¹þ¹þ¹þ¹þ¹þ¹þ¹þ¹þ¹þ¹þ¹þ¹þ¹þ¹þ¹þ¹þ¹þ¹þ¹þ¹þ¹þ¹þ¹þ¹þ¹þ¹þ¹þ¹þ¹þ¹þ¹þ¹þ¹þ¹þ¹þ¹þ¹þ¹þ¹þ¹þ¹þ¹þ¹þ¹þ¹þ¹þ¹þ¹þ¹þ¹þ¹þ¹þ¹þ¹þ¹þ¹þ¹þ¹þ¹þ¹þ¹þ¹þ¹þ¹þ¹þ¹þ¹þ¹þ¹þ¹þ¹þ¹þ¹þ¹þ¹þ¹þ¹þ¹þ¹þ¹þ¹þ¹þ¹þ¹þ¹þ¹þ¹þ¹þ¹þ¹þ¹þ¹þ¹þ¹þ¹þ¹þ¹þ¹þ,¹þ¹þ¹þ¹þ¹þ¹þ¹þ¹þ¹þ¹þ¹þ¹þ¹þ¹þ¹þ¹þ¹þ¹þ¹þ¹þ¹þ¹þ¹þ¹þ¹þ¹þ¹þ¹þ¹þ¹þ¹þ¹þ¹þ¹þ¹þ¹þ¹þ¹þ¹þ¹þ¹þ¹þ¹þ¹þ¹þ¹þ¹þ¹þ¹þ¹þ¹þ¹þ¹þ¹þ¹þ¹þ¹þ¹þ¹þ¹þ¹þ¹þ¹þ¹þ¹þ¹þ¹þ¹þ¹þ¹þ¹þ¹þ¹þ¹þ¹þ¹þ¹þ¹þ¹þ¹þ¹þ¹þ¹þ¹þ¹þ¹þ¹þ¹þ¹þ¹þ¹þ¹þ¹þ¹þ¹þ¹þ¹þ¹þ¹þ¹þ,Ð¦ËÀÎÒ¶ÔÄãÓÐÊ²Ã´ºÃ´¦,´øÍÁ,ÎÒöïÑªÏ´BÕ¾ºÃ¶àÄê,hhhhhhhhhhhhhhh,SansÊÇÄãÂð£¿,¾­·ÑÔÚÈ¼ÉÕ,¹þ¹þ¹þ¹þ¹þ¹þ¹þ¹þ¹þ¹þ¹þ¹þ,¹þ¹þ¹þ¹þ¹þ¹þ¹þ¹þ¹þ¹þ¹þ¹þ¹þ¹þ¹þ¹þ¹þ¹þ¹þ¹þ¹þ¹þ¹þ¹þ¹þ¹þ¹þ¹þ¹þ¹þ¹þ¹þ¹þ¹þ¹þ¹þ¹þ¹þ¹þ¹þ¹þ¹þ¹þ¹þ¹þ¹þ¹þ¹þ¹þ¹þ¹þ¹þ¹þ¹þ¹þ¹þ¹þ¹þ¹þ¹þ¹þ¹þ¹þ¹þ¹þ¹þ¹þ¹þ¹þ¹þ¹þ¹þ¹þ¹þ¹þ¹þ¹þ¹þ¹þ¹þ¹þ¹þ¹þ¹þ¹þ¹þ¹þ¹þ¹þ¹þ¹þ¹þ¹þ¹þ¹þ¹þ¹þ¹þ¹þ¹þ,´ó¸çÊÕÐ¡µÜÂí,ÓÌÔ¥£¬¾Í»á°×¸ø,Õ¦ÍßÂ³¶à£¡,ºÏÓ°ºÏÓ°,ÕâÊÇ»ðÓ°±»ºÚµÄ×î²ôµÄÒ»´Î,¹þ¹þ¹þ¹þ¹þ¹þ¹þ¹þ¹þ¹þ¹þ¹þ¹þ¹þ¹þ¹þ¹þ¹þ¹þ¹þ¹þ¹þ¹þ¹þ,ÕâÒ»¶ÎÔõÃ´¶¼¿´²»¹»,¹þ¹þ¹þ¹þ,À÷º¦,¹þ¹þ¹þ¹þ¹þ¹þ¹þ,Ð¦Êº,ºÃ¿¨,ÁúÃùÖÆ×÷,Å©ÃñÖÆ×÷,ÄãÃ»XX,ÁúÃùÖÆ×÷,ÃÍ°¡£¡,×îºóÒÚ±é,¹þ¹þ¹þ¹þ¹þ¹þ¹þ¹þ¹þ£¡£¡£¡£¡£¡£¡£¡£¡£¡£¡£¡,ÎÒÐ¦µ½ÁË¿ÚË®¶¼²»¸ÒÑÊÁË£¡£¡£¡£¡£¡,²¨À½¾¯¸æ,°ÔÖ÷,²Ì,ÎªÊ²Ã´ÊÇ¸üÒÂÊÒ¡á£¿,öï¾í·ç´Ý»ÙÍ£³µ³¡,öï¾í·ç´Ý»ÙÍ£³µ³¡,Ç°·½¸ßÄÜ,ÅÌÎÄºÆ£¡£¡£¡£¡£¡£¡£¡£¡,Ì©À­ÈðÑÇ£¬ÆÆÏþ£¿,ÑÀÍ¨ÑÀ,saberÒÑÕóÍö,ÍË³öÕâ¸öÎèÌ¨£¡,¿ìÈ¥ÇëÂ¬À´·ð×æ£¡~~~~~~,¿ìÈ¥ÇëÂ¬À´·ð×æ£¡,¿ìÈ¥ÇëÂ¬À´·ð×æ£¡£¡£¡£¡£¡,ÂÝÐýÍè±»ºÚ×î²ÒµÄÒ»´Î,°¡°¡°¡°¡°¡°¡°¡°¡°¡°¡°¡°¡°¡°¡°¡°¡°¡°¡°¡°¡°¡°¡°¡°¡°¡°¡°¡°¡°¡°¡°¡°¡°¡°¡°¡°¡°¡°¡°¡°¡°¡°¡°¡°¡°¡°¡°¡°¡°¡°¡°¡°¡°¡°¡°¡°¡°¡°¡°¡°¡°¡°¡,¹þ¹þ¹þ¹þ¹þ¹þ¹þ¹þ¹þ¹þ¹þ¹þ¹þ¹þ¹þ¹þ¹þ¹þ¹þ¹þ¹þ¹þ¹þ¹þ¹þ¹þ¹þ¹þ¹þ¹þ¹þ¹þ¹þ¹þ¹þ¹þ¹þ¹þ¹þ¹þ¹þ¹þ¹þ¹þ¹þ¹þ¹þ¹þ¹þ¹þ,ÎÔ²ÛÎÔ²Û,ÎÔ²Û,ÈË²Å,Ê±ÆéÕæÏã,¹â Êø Âí ¸ñ ÄÏ (Íê È« Ê¤ Àû),Â¡Êå?,ÀËÀËÎÒÖªµÀÄãÔÚ¿´,¼¦ÄãÕæÏã,F**k you,¿ìÈ¥ÇëÂ¬À´·ð×æ£¡,¿ªÍ·¼û,Ë²ÉíÐéöï,´©´ÌËÀ¼¬Ö®Ç¹£¡,Âú      Éí       ´¯       ðê,´©´ÌËÀ¼¬Ö®Ç¹£¡,ÔÒÍßÂ³¶à,¡¾Éñ Ç¹  ¸Ö ¸ñ Äá ¶û¡¿,Ó°·ÖÉíÖ®Êõ,ÈË²Å,ÕâÊÇÈýÈýµÄÇ¹°É,²¨À½¸çÄÃµÄ¸É½«ÄªÐ°,ÉÁÊ±?,Ï£ÌØ,ºìaÉÏÏß,ºìaÉÏÏß,jjjj,¹þ¹þ¹þ¹þ¹þ¹þ¹þ¹þ¹þ¹þ»ò»ò»ò»ò»ò»ò,¹â         ËÙ             ÊÖ          ³å,¼¸ÄãÌ«ÃÀ,ÂÉÊ¦º¯¾¯¸æ,jb¹þ¹þ¹þ¹þÎÒ²Á,ÊÖ´êÂÝÐýÍè,rap~,Íò¶ñÖ®Ô´,Íò¶ñÖ®Ô´,ÕâÀïµÄÈ«Ã÷ÐÇ¶¼ÊÇÔÚBÕ¾¹íÐóÇøÓÐÒ»Ï¯Ö®µØµÄÈË£¬¾ÍÄãÀ¤·¢ÂÉÊ¦º¯,²ËÐéöï£ºÔÚÎÒµÄBGMÖÐ£¬ÎÒÎÞµÐ,JÄãÌ«Ã»,"ÔÚÑ§Ð£¿´Õâ¸ö,ÎÒ±»ÎÒÍ¬Î»×·×Å´ò",×óÏÂ¨LËÀÉñvs»ðÓ°µÄ¹âÐ§£¡,¿¨ÔÚÁËÆæ¹ÖµÄµØ·½,nb,°¡°¡°¡°¡°¡°¡°¡°¡°¡°¡°¡°¡°¡°¡°¡°¡°¡°¡°¡°¡°¡°¡°¡°¡°¡°¡°¡°¡°¡°¡°¡°¡°¡°¡°¡°¡°¡°¡°¡°¡°¡°¡°¡°¡°¡°¡°¡°¡°¡°¡°¡°¡°¡°¡°¡°¡°¡°¡°¡,ßÆÍßÂ³¶à,ÄÇÎ»´óÈËÀ´ÁË£¡£¡£¡£¡£¡£¡£¡£¡£¡£¡£¡£¡,´êµô´óÊ¦,»ðÇ¯ÁõÃ÷,ÎÚÑ»×ø·É»ú,Õâ¾ÍÊÇÒ»È­³¬ÈË°¡,ÓÐÉúÖ®ÄêÏµÁÐ,¹þ¹þ¹þ¹þàÃ¸Ç´Ä±È,¿ãñÉ´êÍè×Ó,¼¦£¡ÄãÌ«ÃÀ£¡,öïÍ¨öï,Ç°·½¸ßÄÜÔ¤¾¯,öïöï¼ÓÓÍ£¡,2µµ£¡£¨ÌáÒªÌá¸Ù¶¹£©,nm,¶¥·ç×÷°¸,µØÓü»æÍ¼,Áú¾í·ç´Ý»ÙÍ£³µ³¡£¡,´òsansÊ±µÄÄã,À­Ïð¸ù!,¹þ¹þ¹þ¹þ¹þ¹þ¹þ¹þ¹þ¹þ¹þ¹þ¹þ¹þ¹þ¹þ¹þ¹þ¹þ,¶¥·ç×÷°¸,¶¥·ç×÷°¸,ÒÚÍòÌØÐ§,ÓÌ´óµÄÊÄÑÔ£¬Õ¹¿ª!,°ÙÍòÌØÐ§,½ñÈÕÍ·ÌõÒÑµÁ,¼¦ÄãÌ«ÃÀ,Ç°·½¸ßÄÜÔ¤¾¯,Æ¯ÁÁ£¡ÉäµÃºÃ£¡,¸ç¸øÄãc´êÂÝÐýÍè,ÈºÄ§ÂÒÎè,ÉñÍþ£¡£¡£¡,·ç¶ÝÀ­Ïß¸Ë,·ç¶Ý.À­Ïß¸Ë,À­Èý¸Ë,·ç¶Ý.À­Ïß¸Ë,ÆÆÏþºÃÆÀ,Ì©À­ÈðÑÇµÄÆÆÏþ£¡£¡,À÷º¦,À÷º¦,¶¥·ç×÷°¸,Ð¦ËÀÎÒ¶ÔÄãÓÐÊ²Ã´ºÃ´¦£¿,ÒªÐ¦ËÀÎÒÂð£¿£¿£¿¹þ¹þ¹þ¹þ°¡¹þ¹þ¹þ¹þ¹þ¹þ¹þ¹þ¹þ¹þàÃ,¸ßÊÖ¹ýÕÐ,Ñ§ÎäÊõ¡£¡£¹þ¹þ¹þ,ÌØÐ§µõ´ò¶·ÆÆ²Ôñ·,Å£±Æ,ÕæÏã,ÎÒ²ÁÅ£±Æ,¼¸ÄáÌ«ÃÀ¼¸ÄáÌ«ÃÀ¼¸ÄáÌ«ÃÀ¼¸ÄáÌ«ÃÀ¼¸ÄáÌ«ÃÀ¼¸ÄáÌ«ÃÀ¼¸ÄáÌ«ÃÀ¼¸ÄáÌ«ÃÀ¼¸ÄáÌ«ÃÀ¼¸ÄáÌ«ÃÀ¼¸ÄáÌ«ÃÀ¼¸ÄáÌ«ÃÀ¼¸ÄáÌ«ÃÀ¼¸ÄáÌ«ÃÀ¼¸ÄáÌ«ÃÀ¼¸ÄáÌ«ÃÀ¼¸ÄáÌ«ÃÀ¼¸ÄáÌ«ÃÀ¼¸ÄáÌ«ÃÀ¼¸ÄáÌ«ÃÀ¼¸ÄáÌ«ÃÀ¼¸ÄáÌ«ÃÀ¼¸ÄáÌ«ÃÀ¼¸ÄáÌ«ÃÀ¼¸ÄáÌ«ÃÀ,ÒªËØ¹ý¶à  ,md Í·Ð¦µôÁË,×ÔÓÉ,´øÖÆ×÷,×ÔÓÉ,Ðã¶ù,Å£Åú,¹þ¹þ¹þ¹þ¹þ¹þ,Ä©ÈÕ·ç±©,·ç±©Å®»ÊÂÉÊ¦º¯¾¯¸æ,Hhhhhhh ,¹þ¹þ¹þ¹þ¹þ,ÓÅÐã,°Ù¹íÒ¹ÐÐ£¿£¿£¿£¿£¡£¡£¡£¡Ö²Ê÷µÄÊ²Ã´À´×Å£¡£¡Ò»±¾Âþ»­ºÜºÃ¿´£¡£¡£¡,Áú¾í·ç´Ý»ÙÍ£³µ³¡£¡£¡£¡£¡,ÔÒÍßÂ³¶à£¡,²ÌÐìÀ¤ËÍ³öÁËÒ»ÕÅÂÉÊ¦º­,j,¹þ¹þ¹þH°¡¹þ¹þ¹þ°¡¹þ¹þH,ÍæÃ«°¡£¿ÕâÃ´Ç¿,ÂÉÊ¦º¯¾¯¸æ
ÔÙ,í,Ò»,±é
²Ë,Ì“,öH,Ò»,²¨,ƒž,Ðã,µÄ,³°,ÖS,¼¤,Æð,ÁË,ÔÚ,ˆö,Ëù,ÓÐ,ÈË,µÄ,Å­,»ð
A,r,c,h,e,r,Íõ,¾³,Ôó,ÂÊ,ÏÈ,ÉÏ,³¡
Íõ,¾³,Ôó,Ò»,¶å,½Å,ÄÃ,³ö,¼Ó,ÌØ,ÁÖ,ÔÙ,´Î,É¨,Éä
Íõ,¾³,Ôó,Ò»,Í¨,Éä,»÷,£¬,µ«,ÊÇ,²Ë,Ðé,öï,Óµ,ÓÐ,±Ü,Ê¸,µÄ,¼Ó,»¤,È«,²¿,m,i,s,s
²Ë,Ðé,öï,ÈÔ,È»,È«,²¿,m,i,s,s
²Ë,Ðé,öï,È«,²¿,µ²,ÏÂ
²Ë,Ðé,öï,´ê,³ö,Ôª,Æø,µ¯,´ò,°Ü,ÁË,Íõ,¾³,Ôó
²»,ÐÅ,Ð°,µÄ,Íõ,¾³,Ôó,ÄÃ,³ö,Ð°,µÛ,Éî,Ô¨,½ø,ÐÐ,Èý,°Ù,Áù,Ê®,¶È,É¨,Éä
´Ë,Ê±,a,r,c,h,e,r,²¨,À½,¸ç,ÊÖ,³Ö,¸É,½«,Äª,Ð°,µÇ,³¡,£¬,ÊÄ,Òª,Îª,Íõ,¾³,Ôó,±¨,³ð
Á½,ÈË,Õ¹,¿ª,¼¤,ÁÒ,µÄ,½»,·æ
²Ë,Ðé,öï,×î,ºó,Ò»,ÕÆ,´ò,°Ü,ÁË,²¨,À½,¸ç
Õâ,Ê±,Ò»,¸Ë,¹â,Ç¹,´Ó,Ìì,ÉÏ,Éä,À´,£¬,²Ë,Ðé,öï,ÄÃ,³ö,Àº,Çò,µÖ,µ²
¹â,Ç¹,±»,»÷,·É,£¬,Ô­,À´,ÊÇ,L,a,n,c,e,r,¸ß,Òô,¸ç
²Ë,Ðé,öï,Ê¹,³ö,¼¼,ÄÜ,°Ù,¹í,Ò¹,ÐÐ,£¬,Ö»,¼û,Êý,¸ö,²Ë,Ðé,öï,ÔÚ,Ò»,Æð,ÂÒ,Îè,£¬,»÷,Ëé,ÁË,¹â,Ç¹
¸ß,Òô,¸ç,Í¶,Ó°,³ö,Êý,°Ñ,¹â,Ç¹,¹¥,»÷,²Ë,Ðé,öï
²Ë,Ðé,öï,ÄÃ,×Å,Àº,Çò,½ø,ÐÐ,¸ß,ËÙ,Ðý,×ª
Ö»,¼û,²Ë,Ðé,öï,¸ü,Ê¤,Ò»,³ï,£¬,¸ß,Òô,¸ç,±»,»÷,°Ü
¸ß,Òô,¸ç,ÊÔ,Í¼,½â,·Å,±¦,¾ß,¹á,´©,ËÀ,Ïè,Ö®,Ç¹
±´,Ò¯,Å­,ºð,Ò»,Éù,Õ¦,ÍÛ,ß£,¶à,£¬,Ê±,¼ä,¾²,Ö¹
±´,Ò¯,Å­,ºð,Ò»,Éù,¡°,…½,Êº,À²,Äã,¡±,±»,À±,ÏÉ,¸ù,»÷,°Ü
²Ë,Ðé,öï,Ñ¸,ËÙ,ÅÄ,»÷,Àº,Çò
Õâ,Ê±,Âí,ÔÆ,³ö,Æä,²»,Òâ,µØ,³ö,ÏÖ,£¬,Óë,Æä,·Ö,Éí,£¨,£¿,£©,Ò»,Æð,¹¥,Ïò,²Ë,Ðé,öï
Âí,ÔÆ,ÊÔ,Í¼,ÔÙ,´Î,½ü,Éí,²Ë,Ðé,öï,£¬,µ«,ÊÇ,±»,Ëû,¸ß,³¬,µÄ,Àº,Çò,¼¼,Êõ,»÷,ÍË
µØ,Ãæ,³ö,ÏÖ,ÑÒ,½¬,±Æ,ÍË,ÁË,Âí,ÔÆ
Ò»,·¬,°µ,Á÷,Ìì,ÆÆ,½«,Âí,ÔÆ,»÷,°Ü
²Ë,Ðé,öï,Ò»,Ô¾,¶ø,Æð,½«,Âí,ÔÆ,Îü,ÁË,¹ý,À´
²Ë,Ðé,öï,·¢,³ö,Ò»,ÕÅ,ÂÉ,Ê¦,º¯,¸É,µô,ÁË,Ëù,ÓÐ,ÈË
v,a,n,¡á,Ò²,Ã»,ÄÜ,ÐÒ,Ãâ
½Ø,Ö¹,Ê±,¼ä,¸Ä,Îª,4,ÔÂ,2,0,¡ª,4,ÔÂ,2,3
½Ø,Ö¹,Ê±,¼ä,¸Ä,Îª,4,ÔÂ,2,0,¡ª,4,ÔÂ,2,3
½Ø,Ö¹,Ê±,¼ä,¸Ä,Îª,4,ÔÂ,2,0,¡ª,4,ÔÂ,2,3
Æ¤,Æ¤,¸ã,Ð¦,ÒÑ,µÁ
Äã,Õæ,ÊÇ,Ìì,²Å,¡£
º¬,Ëû
…½,Êº,À²,Äã
ô,Ê¦,º¯,¾¯,¸æ
¿ã,ñÉ, , ,À±,ÏÉ,¸ù
Å£,±Æ
¹ý,·Ö,ÁË
¹þ,¹þ,¹þ,¹þ,¹þ
¹þ,¹þ,¹þ
ÔÙ,À´,Ò»,±é
Õâ,Ë­,µ²,µÃ,×¡
¹þ,¹þ,¹þ,¹þ,¹þ,¹þ,¹þ
±í,°×,ºì,É«
¿ã,ñÉ,ÂÝ,Ðý,Íè
Ã¿,ÈÕ,Ò»,Ë¢
Áú,¾í,·ç,´Ý,»Ù,Í£,³µ,³¡
À±,ÏÉ,¸ù
°µ,Á÷,Ìì,ÆÆ,£¡,£¡,£¡
Õâ,ÊÇ,³å,Ìì,ÅÚ,°¡,£¬,Áú,Öé,Àï,µÄ,²»,ÊÇ,ÂÝ,Ðý,Íè
È­,»Ê,¹þ,¹þ,¹þ
öï,Í¨,öï
¶¥,·ç,×÷,°¸
ÊÇ,¸ö,ÀÇ,»ð
h,h,h,h,h,h
ÎÒ
Ê±,Æé,¿ñ,Èý,ÊÖ,Ç¹
£¿
Òª,ËØ,¹ý,¶à
¼¦,Äã,Ì«,ÃÀ
h,a,h,h,q,h,a,h
¡ý,¶ñ,È®,¡ý
¹þ,¹þ,¹þ,¹þ,¹þ,¹þ,¹þ,¹þ,¹þ,¹þ,¹þ,¹þ,¹þ,¹þ,¹þ,¹þ,¹þ,¹þ,¹þ,¹þ
h,h,h,h,h,h,h
¾­,·Ñ,ÔÚ,È¼,ÉÕ
Ãû,³¡,Ãæ
Òª,ËØ,¹ý,¶à,£¬,¹þ,¹þ,¹þ,¹þ,¹þ
°¡,¡á
¿ã,¶´,¡¤,À±,ÏÉ,¸ù
·´,¸´,ºá,Ìø
Æ½,Á÷,²ã,²å,Ñí
Íõ,Õ¨
Ð¦,ËÀ,ÎÒ,ÁË
¹þ,¹þ,¹þ,¹þ,¹þ,¹þ,¹þ,¹þ,¹þ,¹þ,¹þ,¹þ,¹þ,¹þ,¹þ,¹þ,¹þ,¹þ,¹þ,¹þ,¹þ,¹þ,¹þ,¹þ,¹þ,¹þ,¹þ,¹þ,¹þ,¹þ,¹þ,¹þ,¹þ,¹þ,¹þ
ÕÒ,µ½,³ö,´¦,ÁË,£¡
Ò»,Ãë,Ò»,°Ù,´Î
¹þ,¹þ,¹þ,¹þ,¹þ
¹þ,¹þ,¹þ,¹þ,¹þ,¹þ
¹þ,¹þ,¹þ,¹þ,¹þ,¹þ,¹þ,¹þ,¹þ,¹þ
æ½,æÎ,Èí,ÄÐ,Çò
¹þ,¹þ,¹þ,¹þ
Õâ,Ò»,°Í,ÕÆ,ÉÈ,µÄ,ºÃ,Áé,ÐÔ
¹þ,¹þ
¹þ,¹þ,¹þ,¹þ
¹þ,¹þ,¹þ,¹þ
¹þ,¹þ,¹þ,¹þ,¹þ,¹þ,¹þ,¹þ,¹þ,¹þ,¹þ,¹þ,¹þ
ÈË,²Å
ÎÒ,Ìì,°¡,ÈË,²Å,°¡,°¡,°¡,°¡,°¡
Ðã,¶ù
¿ã,¶Ý, ,À±,ÏÉ,¸ù
ÐÄ,ÌÛ,ÎÒ,Íõ,¾³,Ôó
Õâ,ÊÇ,ÎÒ,Ãù,ÈË,ºÚ,µÄ,×î,²Ò,µÄ,Ò»,´Î
6
°Ù,Íò,ÌØ,Ð§
¹þ,¹þ,¹þ,¹þ,¹þ,¹þ,¹þ
Õâ,ÊÇ,Ìæ,Éí,¹¥,»÷,!
Ä¾,´ó,Ä¾,´ó,Ä¾,´ó,Ä¾,´ó,Ä¾,´ó,!
Òª,ËÀ,À²,£¡
°Ù,¹í,Ò¹,ÐÐ
¿ã,ñÉ,ÂÝ,Ðý,Íè
Áú,¾í,·ç,´Ý,»Ù,Í£,³µ,³¡
µÍ,¶Ë,µ²,×Ö,Ä»,µÄ,Ë¾,Âí,ºÃ,Âð
¹þ,¹þ,¹þ,¹þ
w,o,c
±¦,¾ß,£º,¸ß,Òô,Éñ,Ç¹
u,p,Èê,Éõ,Ðã
ÔÒ,Íß,Â³,¶à,!
°¡
Éñ,Íþ
ÊÕ,Èë,¸Ø,ÃÅ,ÖÐ
Ò»,ÕÐ,ÏÊ,³Ô,±é,Ìì
²»,£¡,Îô,ÈÕ,µÄ,Ç¿,Õß,±»,Ò»,Ò»,»÷,°Ü
Ã÷,Ã÷,ÊÇ,È­,»Ê,Àï,Ãæ,ÄÇ,Á½,¸ö,ÈË,µÄ,°µ,Á÷,Ìì,ÆÆ
ÂÝ,Ðý,Íè,³ö,ÏÖ,ÁË
ÎÒ,¿¿,£¬,Õæ,µÄ,ÊÇ,ÈË,²Å
°Ù,¹í,Ò¹,ÐÐ,¼Ó,ÁË,×Ö,Ä»,£¿
Í¶,±Ò,ÉÏ,ÏÞ,£¬,Èý,Á¬,²Å,³É,¹¦,Í¶,±Ò,ÁË,£¡,£¡,£¡,É¥,ÐÄ,²¡,¿ñ,£¡
Õý,Æ¬,¿ª,Ê¼
Å·,À­,Å·,À­,Å·,À­,Å·,À­,Å·,À­
¹þ,¹þ,¹þ,¹þ,¹þ,¹þ
¹þ,¹þ,¹þ,¹þ,¹þ,¹þ,¹þ,¹þ,¹þ,¹þ,¹þ,¹þ,¹þ,¹þ,¹þ,¹þ,¹þ,¹þ
Ìì,£¡,Ê·,Ê«,´ó,×÷
Ê±,Æé,¾³,Ôó
¹á,´©,ËÀ,Ïè,Ö®,Ç¹
Ã·,Ìì,Àí
¹þ,¹þ,¹þ,¹þ,¹þ,¹þ,¹þ,¹þ,¹þ,¹þ,¹þ,¹þ,¹þ,¹þ,¹þ,¹þ
Õâ,ÊÖ,ËÙ
¹þ,¹þ,¹þ,¹þ
Ð¦,ËÀ,ÁË,¹þ,¹þ,¹þ,¹þ,¹þ,¹þ,¹þ,¹þ,¹þ
Ãù,ÈË,£¿,£¿
¹þ,¹þ,¹þ,¹þ,¹þ,¹þ
¹þ,¹þ,¹þ,¹þ,¹þ,¹þ,£¬,Ð¦,ËÀ,ÎÒ,ÁË
Ò»,¸ö,ÄÜ,´ò,µÄ,¶¼,Ã»,ÓÐ
²»,Ï÷,ÄÜ,´ò
¹þ,¹þ,¹þ,¹þ,¹þ,¹þ,¹þ
¶¥,·ç,×÷,°¸,£¬,°¢,ÆÅ,Ö÷,±£,ÖØ
Ðý,·ç,³å,·æ,Áú,¾í,·ç
6
Ô­,À´,Õâ,ÊÇ,Îä,Êõ
Õâ,±³,¿É,ÒÔ
ÃÔ,Ö®,ÖÐ,Ö¸
¿Õ,ÊÖ,½Ó,ºì,ÈÐ
Áú,¾í,·ç,´Ý,»Ù,Í£,³µ,³¡
2,±¶,ËÙ,¡£,¡£,¡£
¶¥,·ç,×÷,°¸
ÈÃ,ÄÇ,¸ö,×Ô,ÓÉ,µÄ,ÄÐ,ÈË,À´,Ô×,ÁË,Õâ,¼¦
×î,Ï²,»¶,µÄ,±´,Ò¯,£¬,È»,ºó,ÊÇ,Õæ,Ïã
Ð¦,Éµ,ÁË
¹þ,¹þ,¹þ
Ïã,Ïã,µÛ
ÔÙ,À´,ÒÚ,±é
ÔÙ,À´,ÒÚ,±é
Õâ,Ò»,°Í,ÕÆ,£¬,Ð¦,ËÀ,ÎÒ,ÁË,¡£
ÓÅ,Ðã
¿É,ÒÔ
Å£,Æ¤,Ð¦,µ½,²»,ÐÐ
¹þ,¹þ,¹þ,¹þ,¹þ
¹í,²Å,°¡
¹þ,¹þ,¹þ,¹þ
¹þ,¹þ,¹þ,¹þ,¹þ,ÈË,²Å,ÈË,²Å
Ð¦,Å¿
Ð¦,ËÀ
¹þ,¹þ,¹þ,¹þ
Å£,±Æ
¹þ,¹þ,¹þ,¹þ,¹þ,¹þ,¹þ
Å«,Á¼,Â½,Éú,·ç,ÆÀ,±»,º¦
ÉÙ,Ö÷,¿ì,À´,ÊÕ,Ñý,£¡
Ì«,ÃÀ
Ê³,Êº,À²,Äã
´Ö,±É,Ö®,Óï
3,Ãë,0,6
°Ù,¹í,Ò¹,ÐÐ
ÌØ,Ð§,ºÃ,µÄ,Ñ½
Òª, , , , , , , , , , ,ËØ, , , , , , , , , , , , , ,¹ý, , , , , , , , , , ,¶à
ÔÒ,Íß,Â³,¶à
¹þ,¹þ,¹þ,¹þ
°×,¼¦,Ò¹,ÐÐ
°Ù,¶È,Ìù,°É,ÒÑ,µÁ
²»,¶Ô,£¬,Íõ,¾³,Ôó,Ò»,»ï,ÈË,µÄ,¼¼,ÄÜ,ÄØ,£¿
µÈ,µÈ,£¬,Íõ,¾³,Ôó,Ò»,»ï,ÈË,µÄ,¼¼,ÄÜ,ÄØ,£¿
ÎÒ,¼Ò,öï,öï,Ì«,À÷,º¦,ÁË
³ý,ÁË,±´,Ò¯,¸Õ,³ö,ÏÖ,Ê±,·Å,ÁË,Ò»,¸ö,Ê±,Í£,¾Í,Ã»,¼û,È«,Ã÷,ÐÇ,·Å,¼¼,ÄÜ
Õæ,µÎ,Ðã
¸Õ,¸Õ
Ë²,Óü,É±
ÉÏ,Ïã
Å£
z,i,o
Å£,±Æ
àÛ,¹þ,¹þ,¹þ,¹þ,¹þ
¹þ,¹þ,¹þ,¹þ,¹þ
¹þ,¹þ,¹þ,¹þ,¹þ,¹þ
¹þ,¹þ,¹þ,¹þ,¹þ,¹þ,¹þ,¹þ,¹þ,¹þ,¹þ,¹þ,¹þ,¹þ,Åç,·¹,ÁË
s,k,r,s,k,r,s,k,r
Õâ,²»,Ï÷,£¿,Ôõ,Ã´,Íæ,£¿
h,h,h,h,h,h,h,h,h,h,h,h,h,h,h,h,~
Õâ,ÌØ,Ð§,ÎÒ,¸ø,Âú,·Ö
¾¹,¸Ò,´ò,Äã,Âí,ÔÆ,°Ö,°Ö
¹þ,¹þ,¹þ,¹þ,¹þ,¹þ,¹þ,¹þ,¹þ,¹þ,¹þ,¹þ
ÌØ,Ð§,Âú,·Ö
ÆÆ,ÀÃ
ÕÜ,Ñ§
ÕÜ,Ñ§,¡á
µÂ,Àö,Éµ,¹þ,¹þ,¹þ,¹þ
¼¦,Äã,Ì«,ÃÀ
Õæ,¡¤,Èº,Ä§,ÂÒ,Îè
ÂÉ,Ê¦,º¯,¾¯,¸æ
¼¦,Äã,Ì«,ÃÀ,£¡
¹þ,¹þ,¹þ,¹þ,¹þ,¹þ,¹þ,¹þ,¹þ,¹þ,¹þ,¹þ,¹þ,¹þ,¹þ,¹þ,¹þ,¹þ,¹þ,¹þ,¹þ,¹þ,¹þ,¹þ,¹þ,¹þ,¹þ,¹þ,¹þ,¹þ,¹þ,¹þ,¹þ,¹þ,¹þ,¹þ,¹þ,¹þ,¹þ,¹þ,¹þ,¹þ,¹þ,¹þ,¹þ,¹þ,¹þ,¹þ,¹þ,¹þ,¹þ,¹þ,¹þ,¹þ,¹þ,h,h,h,h,h,h,h,h,h
ÔÙ,À´,Ò»,´Î
ÂÉ,Ê¦,º¯,¾¯,¸æ
ÀÇ,ÈË,£¡
àÛ,¹þ,¹þ,¹þ,¿ã,ñÉ
àÛ,¹þ,¹þ,¹þ,¹þ
ÈË,²Å,£¡
àÛ,¹þ,¹þ,¹þ,¹þ
ÈË,²Å,£¡
ÓÌ,´ó,·¢,Éä,Æ÷,±¨,µÀ
É§
Ì«,Ç¿,ÁË
ÄÄ,Àï,ÓÐ,²Ë,Ðé,öï, ,ÄÄ,Àï,¾Í,ÓÐ,ÎÒ,£¡
¿ì,¶¶,Ãë,ÒÑ,µÁ
¶¥,·ç,×÷,°¸
¹þ,¹þ,¹þ,¹þ,¹þ,¹þ,¹þ,¹þ,¹þ,¹þ,¹þ,¹þ,¹þ,¹þ,¹þ,¹þ,¹þ,¹þ,¹þ,¹þ,¹þ,¹þ,¹þ,¹þ,¹þ,¹þ,¹þ,¹þ,¹þ,¹þ,¹þ,¹þ,¹þ,¹þ,¹þ,¹þ,¹þ,¹þ
¹þ,¹þ,¹þ,¹þ,¹þ,¹þ,¹þ,¹þ,¹þ
¹â,Ç¹
¶¼,ÊÇ,ÈË,²Å, ,¹þ,¹þ,¹þ
ÔÚ,ÏÂ,µÚ,°Ë,±é
¿ã,ñÉ,£¬,ÂÝ,Ðý,Íè
Ðã
ÐÝ,Ì«
¡£,¡£,¡£
¹þ,¹þ,¹þ,¹þ
t,a,i,k,e,p,a,l,e, 
²»,»á,¹þ,¹þ,¹þ,¹þ,¹þ,¹þ,¹þ,¹þ,¹þ,¹þ
¿Ö,²À
ËÀ,Éñ,V,S,»ð,Ó°
ÂÒ,Éä, 
É¶,ÊÂ,g,a,y
±Ø,Ðë,µã,ÔÞ
¿ì,È¥,Çë,Â¬,À´,·ð,×æ
ÎÒ,²»,ºñ,µÀ,µÄ,Ð¦,ÁË
·ï,»Ë,ÁÒ,²¨
öï,ÅÉ,Æø,¹¦
¹þ,¹þ,¹þ,¹þ,¹þ,¹þ,¹þ,¹þ,¹þ,¹þ
¹þ,¹þ,¹þ,¹þ,¹þ,¹þ,¹þ,¹þ,¹þ,¹þ
ÓÌ,´ó,Å¶,Å¶,Å¶
ÄÎ,Ë¹
½¶,ÈÌ,¼²,·ç,´«
Å£,Æ¤
°¡,¡×
ÌØ,Ð§,¿É,ÒÔ
n,b
ÎÒ,Â¬,ÀÑ,Ò¯,ÁË,£¿
ßÆ,Íß,Â³,¶à,£¡
Éñ,Æ÷, ,¡º,¸Ô,¸ñ,Äá,¶û,¡»
·ç,·û, ,¡º,·ç,Ö®,½á,½ç,¡»
»Ã,Ê±,·û, ,¡º,T,h,e, ,W,o,r,l,d,¡»
ÎÒ,²»,¿É,ÄÜ,Êä,ÔÚ,ÎÒ,µÄ,B,G,M,Àï,£¡
¶¥,·ç,×÷,°¸
¹þ,¹þ,¹þ
¡£
²»,µÃ,²»,Ëµ,U,p,Ö÷,ÊÇ,¸ö,¸ã,´ó,ÊÂ,µÄ,ÈË,²Å,£¬,°¡,¹þ,¹þ,¹þ
ÎÒ,Òª,Õâ,Ó²,±Ò,ÓÐ,ºÎ,ÓÃ
Äã,ÔÙ,Âî,£¿
²Ì,Ðì,À¤,ÍË,³ö,ÑÝ,ÒÕ,È¦
¶¶,Òô,ÒÑ,µÁ
¿ã,ñÉ,-,À±,ÏÉ,¸ù
ÖÕ,¼«,ÂÉ,Ê¦,º¯
¹þ,¹þ,¹þ,¹þ,¹þ,¹þ
¹þ,¹þ,¹þ,¹þ,¹þ,¹þ,¹þ,¹þ
¹þ,¹þ,¹þ,¹þ,¹þ,¹þ
ÊÇ,¸ö,ÀÇ,ÑÌ
¶·,Æø,»¯,Âí
b,g,m,¼Ó,³É,ÉË,º¦
·è,¿ñ,ÔË,Çò
n
¹þ,¹þ,¹þ,¹þ
²¨,á°,¿É
¹þ,¹þ,¹þ,¹þ,¹þ,¹þ,¹þ
²Ý
½Ó,°à,ÈË
²Ë
Ëµ,Äã,ÊÇ,Ìì,²Å,£¬,¶¼,ÊÇ,Îê,Èè,ÁË,Äã
×ä
¹þ,¹þ,¹þ,¹þ,¹þ
Ìì,Ðã
£ß,£ß,£ß,£ß,£ß,£ß,£ß,£ß,£ß,£ß,£ß,£ß,£ß,£ß,£ß,£ß,£ß,£ß,£ß,£ß,£ß,£ß,£ß,£ß,£ß,£ß,£ß,£ß,£ß,£ß,£ß,£ß,£ß,£ß,£ß,£ß,£ß,£ß,£ß,£ß,£ß,£ß,£ß,£ß,£ß,£ß,£ß,£ß,£ß,£ß,£ß,£ß,£ß
£ß,£ß,£ß,£ß,£ß,£ß,£ß,£ß,£ß,£ß,£ß,£ß,£ß,£ß,£ß,£ß,£ß,£ß,£ß,£ß,£ß,£ß,£ß,£ß,£ß,£ß,£ß,£ß,£ß,£ß,£ß,£ß,£ß,£ß,£ß,£ß
àÅ
±³,Éí,¸ñ,µ²,£¬,£¨,´«,ÎÅ,È­,»Ê,²Ý,ËS,¾©,»Ó,È­,Á¬,»÷,Æä,ÖÐ,ÓÐ,Ò»,´Î,£©,±³,¶Ô,ÆÁ,Ä»,£¬,¿É,ÒÔ,¸ñ,µ²,Ëù,ÓÐ,¼¼,ÄÜ
²Ì,Ðì,À¤,Éí,ºó,³ö,ÏÖ,ÁË,Ò»,¸ö,Âí,Í°
ÊÇ,Ê±,ºò,ÄÃ,³ö,´ó,¸«,Í·,ÁË,£¡
Äã,ºÅ,Ã»,ÁË
Ð¦,ËÀ
¹þ,¹þ,¹þ,¹þ,¹þ,¹þ,¹þ,Æø,ºò
ÖÚ,Ëù,ÖÜ,Öª,£¬,ÊÓ,Æµ,²»,¿É,ÒÔ,p,£¬,Ëù,ÒÔ,Õâ,ÊÇ,Õæ,µÄ
t,q,l
Å£,Åú
¶¥,·ç,×÷,°¸
ÂÉ,Ê¦,º¯,¾¯,¸æ
(,|,|,,_,,)
¾À,Õý,£º,´Ë,´¦,ÊÇ,Ð¡,¹Ã,Á¹,Äã,Ö§,¸¶,±¦,ÕË,ºÅ,Ã»,ÁË,[,»¬,»ü,]
Õâ,Íæ,Òâ,ÉÏ,¿Î,²»,ÄÜ,¿´
ÑÀ,Í¨,ÑÀ,£¿
ÎÒ,µÄ,¸ß,Òô
¹þ,¹þ,¹þ,¹þ,°¦,°¦,°¦,¹þ,°¡,¹þ,¹þ,¹þ,¹þ,¹þ,°¦
¹þ,¹þ,¹þ,¹þ,°¦,°¦,°¦,¹þ,°¡,¹þ,¹þ,¹þ,¹þ,¹þ,°¦
²Ì,Ðì,À¤,±»,ºÚ,µÄ,×î,²Ò,µÄ,Ò»,´Î
Ã¿,ÈÕ,Ò»,Ë¢
N,B
Õâ,Ò»,°Í,ÕÆ,Ð¦,ËÀ,ÎÒ,ÁË,¹þ,¹þ,¹þ,¹þ,¹þ,¹þ
ÔÚ,Õâ,¸ö,B,G,M,Àï,Äã,ÎÞ,·¨,Õ½,Ê¤,Ëü
·è,¿ñ,ÔË,Çò
ÄÇ,Î»,´ó,ÈË
Ç°,·½,ºË,ÄÜ
c,x,k,Õ½,¸è
Ðý,×ª,Í»,½ø,µÄ,c,x,k
¡£,¹þ,¹þ,¹þ,¹þ,¹þ,¹þ,¹þ,¹þ,¹þ
x,s,w,l
ºÃ,Ç¿,°¡
¹þ,¹þ,¹þ,¹þ,¹þ,¹þ,¹þ
¿Õ,µ÷,j,o,Ì«,ÀÉ
Õâ,¸ö,ÊÇ,d,n,f,µÄ,Ä§,Ç¹,Ê¿,¼¼,ÄÜ,°¡,¡£,¡£
¹þ,¹þ,¹þ,¹þ,¹þ
À÷,º¦,À÷,º¦
¹þ,¹þ,¹þ,¹þ,¹þ,¹þ,¹þ,¹þ,¹þ,¹þ,¹þ
¿ì,Çë,Â¬,À´,·ð,×æ
¹þ,¹þ,¹þ,¹þ,¶ì
ÏÈ,6,Îª,¾´
Ä¾,Ì«,Ä¾,Ì«
¹þ,¹þ,¹þ,¹þ,¹þ,¹þ,¹þ
¹þ,¹þ,¹þ,¹þ,¹þ,¹þ,¹þ
Áù,É±,²»,Òª,Ì«,Ðã
Ðã,µ½,ÎÒ,Í·,Æ¤,·¢,Âé
×î,Ç¿,ÕÐ,Ê½,ÂÉ,Ê¦,º¯
±»,ÆÆ,ÁË
ÓÂ,Õß,Íõ,g,g,g,£¡
Î­, ,Ãû, ,Á÷
¸ß,ÄÜ,Ô¤,¾¯
¹þ,¹þ,¹þ,¹þ
´ø,ÖÆ,×÷
Äã,ºÅ,Ã»,ÁË
C,S,O,L,Éî,Ô¨,ÊÖ,Ç¹
h,h,h,h,h,h,h,h,h,h,h
Õ¦,Íß,Â³,¶à
ÔÚ,ÎÒ,µÄ,B,G,M,Àï,ÎÒ,ÊÇ,ÎÞ,µÐ,µÄ
¿ì,È¥,Çë,Â¬,À´,·ð,×æ
m
j
k
¿ì,È¥,Çë,Â¬,À´,·ð,×æ
¹þ,¹þ,¹þ,¹þ,¹þ,¹þ,¹þ,¹þ,¹þ,¹þ
Õâ,Ò²,Ì«,Ç¿,ÁË,°É,¡£
¹þ,¹þ,¹þ,¹þ
¹þ,¹þ,¹þ,¹þ,¹þ,¹þ,¹þ,¹þ
À´,¡á
¹í,Ðó,È«,¼Ò,Í°,£¿,£¿
Ãþ,¾¥,Ð£,Î¾,µÄ,ÅÂ,²»,ÊÇ,¸ö,ÈË,²Å
ÖÖ,Öí,¹þ,¹þ,¹þ
ÒÑ,¾­,Ð¦,ÔÎ
ÒÑ,¾­,Ð¦,ËÀ
¶ö,¡ª,¡ª
Ð¦,·è,ÁË
²Ì,Ðì,À¤,£º,ÔÚ,ÎÒ,µÄ,b,g,m,Àï,Ã»,ÈË,ÄÜ,´ò,°Ü,ÎÒ
ÔÒ,Íß,Â³,¶à,£¡
Ðã
Å£,±Æ
¸ñ,ÁÖ,¼¦,Ç¹
²Ì
¶¥,·ç,×÷,°¸
ÂÉ,Ê¦,º¯,¾¯,¸æ
ÎÞ,µÐ,¡¤,¼¦,Äã,Ì«,ÃÀ
ÎÒ,Óë,³Ç,±±,Ðì,À¤,Êë,ÃÀ,£¬,¼¦,Äã,Ì«,ÃÀ
È«,m,s, ,(,>,_,<,)
ÎÒ,¡á,È¥
½ð,Æ¤,¿¨,£¡,£¡,£¡,£¿
¹þ,¹þ,¹þ,¹þ,¹þ
à¸,à¸,Å¶,à¸,à¸
Áú,¾í,·ç,´Ý,»Ù,Í£,³µ,³¡
ÕÅ,Ñ§,ÓÑ,Ì¨,´Ê,ºÃ,ÆÀ
À÷,º¦
ÑÀ,Í¨,ÑÀ
Äã,Ò»,ÄÑ,ÌÓ,Ò»,Îü
àÛ,¹þ,¹þ,¹þ,¹þ,¹þ
Õæ,Ïã
Óî,ÖÇ,²¨,´ø,ÍÁ,£¿
¸ò,¸ò,¸ò
ÕÒ,µ½,ÁË,£¡
Èç,¹û,²Ì,Ðì,À¤,¿´,µ½,»á,Ôõ,Ã´,Ñù
ÂÉ,Ê¦,º¯,¾¯,¸æ
À´,!
¶¥,·ç,×÷,°¸
ÔÚ,ÎÒ,µÄ,B,G,M,ÖÐ,ÎÞ,ÈË,ÄÜ,µÐ
ÊÖ,½Ó,°×,ÈÐ
Íõ,¾³,Ôó, , , , ,×ä
N,B
¹þ,¹þ,¹þ
¹þ,¹þ,¹þ,¹þ,¹þ
¹þ,¹þ,¹þ,¹þ,¹þ,¹þ
¿ã,µ³,£¬,À±,ÏÉ,¸ù
Ë²,Óü,É±
ÊÖ,³å,Õ½,Ê¿
Áú,¾í,·ç,´Ý,»Ù,Í£,³µ,³¡
±Ü,¡£,¡£,±Ü,Ê¸,Ö®,¼Ó,»¤,£¿,£¿,£¨,Ç¹,Ëã,Í¶,ÖÀ,Îä,Æ÷,Âð,£¿,£¿,£¿,£©
ºì,A,µÄ,µ¶,£¿,£¿,£¿
Éî,Ô¨,Ë«,Ç¹
Íõ,¾³,Ôó,ÔÙ,Æð,²»,ÄÜ
²Ì,Ðì,À¤,V,8
Ã»,ÈË,¸Ð,¾õ,È«,Ãñ,ÖÆ,×÷,ÈË,Âð,£¿
¹þ,¹þ,¹þ,¹þ,¹þ,¹þ,¹þ,¹þ,¹þ
×Ô,ÐÅ
ÎÒ,²Á,Õâ,Éù,Òô,ÊÇ,Òô,³²,µÄ,×Ô,ÐÅ
Áú,¾í,·ç,´Ý,»Ù,Í£,³µ,³¡,!
ÏÂ,Ãæ,µ¯,Ä»,³¬,Éñ
´ó,ÖÆ,×÷
¹þ,¹þ,¹þ
Å£,±Æ
¹þ,¹þ,¹þ
¹þ,¹þ,¹þ
ÂÉ,Ê¦,º¯,¾¯,¸æ
u,p,Ö÷,µÄ,ºÅ,Ã»,ÁË
¹þ,¹þ,¹þ,¹þ,¹þ,¹þ
C,X,K,£º,Ã»,ÈË,ÄÜ,ÔÚ,ÎÒ,µÄ,B,G,M,Àï,´ò,°Ü,ÎÒ,£¡,£¡,£¡
ÎÞ, , ,ÏÞ, , ,Õ½, , ,Õù
ÊÇ,Äã,£¡,£¡,C,S,O,L, , ,Ç¹,¶·,Êõ
ÔÒ,Íß,Â³,¶à,!
Õâ,Ã÷,ÏÔ,ÊÇ,d,n,f,ÎÚ,Ñ»,°¡
²»,¾Í,ÊÇ,¸ö,Ó²,±Ò,Âï,¸ø,Äã,¸ø,Äã
±´,Ò¯,±»,ºÚ,µÄ,×î,²Ò,µÄ,Ò»,´Î
ºì,×Ö,ÓÅ,Ðã
¶¼,›],Íæ,ß^,µØ,ÏÂ,³Ç,£¿
n,b
ßÆ,Íß,Â³,¶à,£¡
Ä¾,´ó,Ä¾,´ó,Ä¾,´ó,!
 ,Êì,Ï¤,µÄ,ÕÐ,Ê½
o
h,h,h
¹þ,¹þ,¹þ,¹þ,¹þ,¹þ,¹þ,¹þ,¹þ
¹þ,¹þ,¹þ,¹þ,¹þ,¹þ,¹þ,¹þ,¹þ
Õâ,ÊÇ,ÎÒ,ÊÇ,ÎÒ,¼û,¹ý,×î,É§,µÄ
¹§,Ï²,Äã,·¢,ÏÖ,Õò,Õ¾,Ö®,±¦,¡£
Ãù,ÈË,±»,ºÚ,µÄ,×î,²Ò,µÄ,Ò»,´Î
v,a,n,ÄØ
ÆÆ,Ïþ,Àè,Ã÷,£¡
Ö»,ÀÇ,¶¼,²»,·Å,¹ý
¹·,ÀÚ,ÎÒ,Öª,µÀ,Äã,ÔÚ,¿´
Î÷,¹Ï,ÊÓ,Æµ,ÒÑ,µÁ
ÂÉ,Ê¦,º¯
ÔÙ,À´,Ò»,±é
¹þ,¹þ,¹þ
²Ì,Ðì,À¤,´¦,ÐÌ,Çú
¹þ,¹þ,¹þ,¹þ,¹þ,¹þ,¹þ, , 
p,a,u,s,e,£¡
¹þ,¹þ,¹þ,¹þ,¹þ,¹þ,¹þ,¹þ,¹þ,¹þ,¹þ,¹þ,¹þ,¹þ,¹þ,¹þ,¹þ,¹þ,¹þ,¹þ,¹þ,¹þ,¹þ,¹þ,¹þ,¹þ,¹þ,¹þ,¹þ,¹þ,¹þ,¹þ,¹þ,¹þ,¹þ,¹þ,¹þ,¹þ,¹þ,¹þ,¹þ,¹þ,¹þ,¹þ,¹þ,¹þ,¹þ,¹þ,¹þ,¹þ,¹þ,¹þ,¹þ,¹þ,¹þ,¹þ,¹þ,¹þ,¹þ,¹þ,¹þ,¹þ,¹þ,¹þ
Ð¡,»ï,×Ó,Äã,Ö§,¸¶,±¦,ºÅ,Ã»,ÁË
´«,Ëµ,ÖÐ,µÄ,m,i,s,s
ÔÒ,Íß,Â³,¶à
Óî,ÖÇ,²¨,´ø,ÍÁ,Éñ,Íþ
¼¦,·É,µ°,´ò,Éä,Ïß
A,c,h,e,r,²¨,À½,¸ç
»¹,ÓÐ,½â,Ëµ,¹þ,¹þ,¹þ,¹þ,¹þ
Íõ,¾³,Ôó,£¬,×ä
Áú,¾í,·ç,´Ý,»Ù,Í£,³µ,³¡,£¡,£¡
Áú,¾í,·ç,´Ý,»Ù,Í£,³µ,³¡,£¡,£¡
¹þ,¹þ,¹þ,¹þ,¹þ
ÂÉ,Ê¦,º¬,¾¯,¸æ
ÎÔ,²Û,¹þ,¹þ,¹þ,¹þ,¹þ,¹þ,¹þ,Ð¦,ËÀ,ÎÒ,ÁË
Ãù,ÈË,±»,ºÚ,µÄ,×î,²Ò,µÄ,Ò»,´Î
ÂÝ,Ðý,Íè
Íõ,¾³,Ôó,¸ø,Äª,Å·,ÎÑ
Ó°,·Ö,Éí,Ö®,Êõ
Èý,¸ö,ÖÐ,Íõ,¾³,Ôó,»î,µÄ,×î,¾Ã
Íõ,¾³,Ôó,¼Ó,ÓÍ,£¡
Ä¿,²â,Íõ,¾³,Ôó,»î,µÄ,×î,¾Ã
ÎÒ,°¢,¸£,±»,ºÚ,µÄ,×î,²Ò,µÄ,Ò»,´Î
ÍÛ
Å£,±Æ
ÃØ,¼¼,£º,Õæ,Ïã,ÂÝ,Ðý,É±
×î,ÓÒ,ÉÏ,Ãæ,ÊÓ,Æµ,Ë®,Ó¡,ÊÇ,Ãë,ÅÄ,µÄ
²¨,À½,Õ¶
.
u,p,Ö÷,ÊÇ,¸ö,ÀÇ,ÈË
Ðã
¹þ,¹þ,¹þ,¹þ
Õâ,¾ø,¶Ô,Áù,Ã«,ÌØ,Ð§
¹þ,¹þ,¹þ,¹þ
ÎÒ,Äá,Âê, , ,Õâ,Ìì,Ðã
´å,Óê,£¡,Ö©,Öë,ÇÐ,£¡,Í¯,×Ó,ÇÐ,£¡
ÌØ,Ð§,Õæ,µÄ,»ª,Àö
ºÃ,×ß,Î»,!
´ó,Ç¹,¶þ,¾õ
¹þ,¹þ,¹þ,¹þ,¹þ,¹þ,¹þ,¹þ,¹þ,¹þ,¹þ,¹þ,¹þ,¹þ,¹þ,¹þ,¹þ,¹þ
¿´,µã,ÒÑ,µÁ
ÉÏ,ñ«,ÁË,~
Ç°,·½,¸ß,ÄÜ
Õâ,Ôã,¸â,µÄ,×Ë,ÊÆ
¿ì,Çë,Â¬,À´,·ð,×æ
»¹,ºÃ,»¹,ºÃ,¹þ,¼Ò
ÔÒ,Íß,Â³,¶à,£¡
×î,Å£
ÌØ,Ð§,Ïò
ÌØ,Ð§,Ïò
¹þ,¹þ,¹þ,¹þ,¹þ,¹þ,¹þ,¹þ,¹þ
¹þ,¹þ,¹þ,¹þ,¹þ,¹þ,¹þ,¹þ
Õâ,ÊÇ,·Å,Æ¨,µÄ,Éù,Òô,°É,£¿,¹þ,¹þ,¹þ,¹þ,¹þ,¹þ,¹þ,¹þ
¹þ,¹þ,¹þ
¿ì,£¬,¶¶,£¬,Ãë,¾ù,ÒÑ,µÁ
¿ì,£¬,¶¶,£¬,Ãë,¾ù,ÒÑ,µÁ
¿ì,£¬,¶¶,£¬,Ãë,¾ù,ÒÑ,µÁ
b,g,m,Í»,È»,¾Í,Ðø,ÉÏ,ÁË,£¬,¶·,Æø,Öµ,Âú
Õâ,Àï,ºÃ,Ïñ,¸Ä,ÁË,¡­,¡­
Õæ,ºÃ
àÃ,Æ¨,ÁË
ÔÒ,£¬,ÍÛ,Â³,¶ß
Èö,ÐÝ,¸Â,×Ó,Q,¸Â,×Ó, 
À´,¿´
g,e,i,²¤,ÂÜ,¿Ë
ÎÒ,¾¹,È»,¾õ,µÃ,ÓÐ,µã,Ë§
¹þ,¹þ,¹þ,¹þ,¹þ,¹þ,¹þ,¹þ,¹þ
Ðã
Ðã,£¬
c,x,k,Ðã,°¡
²»,Òª,Îê,Èè,»ð,Ó°,ÈÌ,Õß
ÓÌ,´ó,µÄ,ÊÄ,Ô¼,£¿
¹þ,¹þ,¹þ,¹þ,¹þ,¹þ,¹þ,¹þ
ºÇ,ºÇ,¹þ,¹þ,¹þ
Ç°,·½,¸ß,ÄÜ
Ç°,·½,¸ß,ÄÜ
²Ë,Ðé,öï,µÄ,Ïë,Ïó
²Ë
²Ì
²Ë
Å£,±Æ
ÊÕ,²Ø,¡¿
Áú,¾í,·ç,´Ý,»Ù,Í£,³µ,³¡,£¡
ÔÚ,ÎÒ,µÄ,B,G,M,Àï,ÎÒ,²»,»á,Êä
6,6
ÄÃ,Éö,¸Õ
Àº,Çò,ÄÄ,Âò,µÄ,£¬,ÖÊ,Á¿,ºÃ,ºÃ
Õâ,ÒÂ,·þ,ÅÂ,²»,ÊÇ,Õñ,½ð,×ö,µÄ
ÂÉ,Ê¦,º¯,¾Í,ÊÇ,¾ø,ÕÐ,Âð,h,h,h
Äã,ºÅ,Ã»,ÁË
¿ã,ñÉ,ÂÝ,Ðý,Íè
ÂÒ,Éä
¸Ð,¾õ,Õâ,ÊÇ,×î,Å£,Åú,ºÚ,²Ì,ÊÓ,Æµ,¡£,¡£,¡£
Ã¿,Ìì,Ò»,±é
¿ì,È¥,Çë,½¶,ÈÌ
Õâ,¹í,îø,Å£,±Æ
Õâ,Îï,Àí,ÉÁ,±Ü,ºÃ,¸ß,°¡
È­,»Ê,±Ø,É±
¹þ,¹þ,¹þ, ,ÖÐ,Ö¸
¹þ,¹þ
Ïë,¿´,È«,Ã÷,ÐÇ,·´,É±,µÄ,Ç°,Íù,µÚ,¶þ,¼¯
h,h,h,h,h,h,h,h
°Ù,·Ö,°Ù,s,a,n,s
Ë²,Óü,É±
Ãî,ÔÕ
Í£,³µ,³¡,´Ý,»Ù,Áú,¾í,·ç
Áã,×Ü,µÄ,¼¼,ÄÜ,±»,µÁ,ÁË,£¬,ÂÉ,Ê¦,º¯,¾¯,¸æ
¹þ,¹þ,¹þ,¹þ,¹þ,¹þ,¹þ,¹þ,¹þ
¹þ,¹þ,¹þ,¹þ,¹þ,¹þ,¹þ,¹þ,¹þ,¹þ,¹þ,¹þ,¹þ,¹þ,¹þ,¹þ,¹þ,¹þ
ÎÚ,Ñ»,×ø,·É,»ú,£¬,Áú,¾í,·ç,´Ý,»Ù,Í£,³µ,³¡
ÎÒ,°®,Äã,£¬,£¬,£¬,£¬,£¬
³Ô,ÎÒ,Ñ¹,Â·,»ú
Äã,Ã»,Ç®,Ç®
Õý,ºÃ,9,Ãë
Ðå,µÄ,ÎÒ,Í·,Æ¤,·¢,Âé
ÒÑ,±»,µÁ
×Ô,ÔÚ,¼Ç,Òä,¹¦,²Ì,Ðñ,À¤
Õ¦,Íß,Â³,¶à
¹þ,¹þ,¹þ,¹þ
6,6
¹þ,¹þ,¹þ,¹þ,¹þ,¹þ,¹þ
½¶,ÈÌ,¼²,·ç,´«,£¡,£¡,£¡
Ò»,Ë²,Ç§,»÷,£¡
ºÇ,ºÇ,ºì,ºì,»ð,»ð,»Ð,»Ð,ã±,ã±,¹þ,¹þ,¹þ,¹þ,¹þ,¹þ,¹þ,¹þ,¹þ,¹þ,¹þ,¹þ,¹þ,¹þ,¹þ,¹þ,¹þ,¹þ,¹þ,¹þ,¹þ,¹þ,¹þ,¹þ,¹þ,¹þ,¹þ,¹þ,¹þ,¹þ,¹þ,¹þ,¹þ,¹þ,¹þ,¹þ,¹þ
ßÆ,Íß,Â³,¶à,£¡
Á¬,¿´,¶þ,±é
ÔÙ,À´,Òä,±é
Ã»,ÈË,ÄÜ,ÔÚ,Ëû,µÄ,b,g,m,Àï,´ò,°Ü,Ëû
ÐÂ,ÊÖ,±£,»¤,ÆÚ,¡£
Å£,±Æ,ºå,ºå
c,x,k,:,ÔÚ,ÎÒ,µÄ,B,G,M,Àï,Ã»,ÈË,ÄÜ,´ò,°Ü,ÎÒ
ÔÒ,Íß,Â³,¶à
ÔÒ,Íß,Â³,¶à
ÂÉ,Ê¦,º¯
¿É,ÒÔ,¸Ä,Îª,ÓÃ,Í·,¶¥,°¡
±³,¾°,½¡,Éí,·¿
¹þ,¹þ,¹þ,¹þ,¹þ,¹þ,¹þ,¹þ,¹þ,¹þ,¹þ,¹þ
²Ì,Ðì,À¤,´Ý,»Ù,Í£,³µ,³¡
¹þ,¹þ,¹þ
öï,¹Å,Äá,¶û
¹â,Ç¹
Á÷,Åú
ÌØ,Ð§,±¬,Õ¨
»ð,Ó°,Ãþ,ñÉ,ÅÉ,´´,Ê¼,ÈË
Ç°,·½,¸ß,ÄÜ
¹þ,¹þ,¹þ,»Ð,»Ð,ã±,ã±,¹þ,¹þ,¹þ
¹þ,¹þ,¹þ,¹þ,¹þ,¹þ,¹þ,¹þ,¹þ,¹þ,¹þ,¹þ,¹þ
¹þ,¹þ,¹þ,¹þ,¹þ,¹þ,¹þ,¹þ,¹þ,¹þ,¹þ,¹þ,¹þ,¹þ
µÂ,Àò,É¯,£¿
ÔÒ,Íß,Â³,¶à
j,o,j,o,£¡,£¡,£¡,£¡,£¡,£¡,£¡
ÔÒ,Íß,Â³,¶à,£¡
Ä¾,´ó,Ä¾,´ó,Ä¾,´ó,Ä¾,´ó,Ä¾,´ó,Ä¾,´ó,Ä¾,´ó,Ä¾,´ó,Ä¾,´ó,Ä¾,´ó,Ä¾,´ó,Ä¾,´ó,Ä¾,´ó,Ä¾,´ó,Ä¾,´ó,Ä¾,´ó
»Ã,Ó°,Ðý,×ª
²Ì,Ðì,À¤,´Ý,»Ù,Í£,³µ,³¡,£¡
·è,¿ñ,ÔË,Çò
ÊÖ,³å,8,Ð¡,Ê±
ÊÖ,³å
¹þ,¹þ,¹þ,£¬,Ðã
ÂÉ,Ê¦,º¯,¾¯,¸æ
¹þ,¹þ,¹þ,¹þ,¹þ,¹þ,¹þ,¹þ,¹þ,¹þ,¹þ,¹þ,¹þ,¹þ
¹þ,¹þ,¹þ,àÃ
±¦,¾ß,£º,Ó°,ÇÀ
Áú,¾í,·ç,´Ý,»Ù,Í£,³µ,³¡,£¡
£¡,£¡,£¡
¹þ,¹þ,¹þ,¹þ,¹þ
¼¦,Äã,Ì«,ÃÀ,b,g,m,¼Ó,³É,£¬,·¸,¹æ
Éñ,Íþ
Áù,¡£,P,¡£
°¡,°¡,°¡,°¡,°¡,°¡,°¡,°¡
Ç¿,´ó
ÓÅ,Ðã
ÓÒ,±ß,ÊÇ,V,a,n,£¿
ÔÒ,Íß,Â³,¶à,£¡
n,b
ÔÒ,Íß,Â³,¶à
ÂÉ,Ê¦,º¯,¾¯,¸æ
ÂÉ,Ê¦,º¯,¾¯,¸æ
ÈË,²Å
¼¦,·É,µ°,´ò,Éä,Ïß,¡£
Îæ,ñÉ,¹¦,´«,ÈË
Îæ,µ²
2,±¶,²Å,ÊÇ,Õæ,Õý,µÄ,¸ß,ÊÖ,¶Ô,¾ö
Õæ,Ïã
ÎÒ,Ò²,ÏÓ,Æú,Äã
°¡,¡£, , , , , , , 
²»,ÊÇ,ÎÒ,´ò,²»,¹ý,Äã,£¬,¶ø,ÊÇ,ÎÒ,Ã»,´Ê,¶ù,ÁË
ËÆ,Àî,£¬,Çò,×´,ÉÁ,µç,£¡
ËÀ,Éñ,V,S,»ð,Ó°,Àï,´ø,ÍÁ,µÄ,´ó
¿Ì,¿Ì,µÛ,£¡
×î,ºó,ÒÚ,±é
¶¥,·ç,×÷,°¸
µØ,Óü,»æ,Í¼
Éî,Ô¨
¹þ,¹þ,¹þ,¹þ,¹þ
×î,ºó,Ò»,±é
¹þ,¹þ,¹þ,¹þ,¹þ,¹þ,¹þ,¹þ,¹þ
Äã,ÔÙ,Âî
ÔÚ,ÎÒ,µÄ,b,g,m,Àï,Ã»,ÈË,ÄÜ,´ò,°Ü,ÎÒ
¹þ,¹þ,¹þ,¹þ,¹þ,¡¤
³Ô,ÁË,Ëû,±´,Ò¯
¹þ,¹þ,¹þ,¹þ,¹þ,¹þ
¹þ,¹þ,¹þ,¹þ,¹þ,¹þ,¹þ,¹þ,¹þ,¹þ
¹þ,¹þ,¹þ,¹þ,¹þ,¹þ,¹þ,¹þ,¹þ,¹þ,¹þ,¹þ,¹þ,¹þ,¹þ,¹þ,¹þ,¹þ,¹þ,¹þ,¹þ,¹þ,¹þ,¹þ,¹þ,¹þ,¹þ,¹þ,¹þ,¹þ,¹þ,¹þ,¹þ,¹þ,¹þ,¹þ,¹þ,h,h,h
ÎÞ,µÐ
n
ÈË,²Å,°¡,ÎÔ,²Û
ÎÞ,µÐ
ÎÞ,µÐ
ÎÞ,µÐ
n
ÈË,Ìå,Ãè,±ß,¹þ,¹þ,¹þ,¹þ,¹þ,¹þ
ÌØ,Ð§,Õ¨,ÁÑ
Ôõ,Ã´,Íæ
²Ì,Ðì,À¤,·¢,ÑÔ,¼¤,ÁÒ,±»,Ìß,³ö,Ö±,²¥,¼ä
v,a,n,ÄØ
ÂÉ,Ê¦,º¯,¾¯,g,i,a,o
Ðã
×î,ºó,ÒÚ,±é
6
±í,Çé,°ü,ÎÒ,ÓÐ
×Ô,ÔÚ,¼¦,Òâ,¹¦
¶¥,·ç,×÷,°¸
ÈÏ,Õæ,±Ø,É±,Ïµ,ÁÐ,£º,ÈÏ,Õæ,·´,¸´,ÉÁ,±Ü
ÎÒ,µÈ,Æ´,ÉÏ,ÐÔ,Ãü,ÊØ,»¤,µÄ,ÈË,Àí,£¬,ÓÖ,Ôõ,ÄÜ,ÈÃ,Äã,Èç,´Ë,Çá,Ò×,µØ,»Ù,Ãð
ÎÅ,¼¦,Æð,Îè
:,ÎÅ,¼¦,Æð,Îè
Ç°,·½,ºË,ÄÜ
h,a,h,a,h,a,h,a
Îª,Ê²,Ã´,Òª,Îê,Èè,±´,Ò¯
Ç°,·½,¸ß,ÄÜ
ÖÜ,Ó¾,¿µ
ÂÉ,Ê¦,º¯,¾¯,¸æ
Çò,ÈÐ,·ç,±©
ºì,a,µÄ,µ¶
ÈË,²Å
ÔÚ,ÎÒ,µÄ,B,G,M,ÏÂ,Ë­,ÄÜ,Ó®,ÎÒ,£¿
Î£
6,B
¿ã,¶Ý, , ,À±,ÏÉ,¸ù
Ð¦,ËÀ,ÎÒ,¶Ô,Äã,ÓÐ,Ê²,Ã´,ºÃ,´¦
öï,¾í,·ç,´Ý,»Ù,Í£,³µ,³¡
·è,¿ñ,ÔË,Çò
ÂÝ,Ðý,Íè
Äã,Õ¦,Âî,ÈË,ÄØ,£¿,£¿
Ðã,°¡
¹þ,¹þ,¹þ,¹þ,¹þ,¹þ,¹þ,¹þ
µ¯,µ¯,µ¯
ºÇ,ºÇ,¹þ,¹þ,¹þ
ÎÔ,²Û,Áù,Áù,Áù
Å£,êþ,ÎÔ,²Û
Éñ,¼¶,·è,ñ²,ÔË,Çò
ßÆ,Íß,Â³,¶à
¹þ,¹þ,¹þ,¹þ,¹þ,¹þ,¹þ,¹þ
ÎÅ,¼¦,Æð,Îè
°×,Öç,Íõ,×Ó,Ùø,Õþ
¼¦,Äã,Ì«,ÃÀ
¶·, , , ,ÍË, , , , , ,¼ä
.
ÂÝ,Ðý,Íè
°×,Öç,Íõ,×Ó,Ùø,Õþ
P,a,u,s,e
ÎÒ,È¥,£¬,h,h,h,h,h,h,h
ÈË,²Å,n,,b
¹þ,¹þ,¹þ,¹þ,¹þ
¿´,µ½,Äã,ÃÇ,Ëµ,ºÃ,¶à,ÊÂ,Çé,¶¼,±»,¶¶,Òô,µÁ,ÁË,£¬,¿ì,ÊÖ,ÊÂ,¼þ,»¹,Ïë,ÔÙ,À´,Ò»,´Î,Âð
¹þ,¹þ,¹þ,¹þ,¹þ,¹þ
¾Õ,²¿,¿ª,»¨,ºÃ,ÆÀ
²»,ÊÇ,Ö»,ÓÐ,Îå,¸ö,Âð,£¿
´ó,Æ¬,µÄ,³¡,¾°
µç,¹â,¶¾,Áú,×ê
ÊÖ,³å,²¨
×Ô,ÔÚ,¼«,Òâ,¹¦
Ëû,Ôõ,Ã´,»á,Ïã,½¶,¾ý,µÄ,ÕÐ,Ê½
×Ô,ÐÅ
ÖÐ,Ö¸,Ê²,Ã´,¹í
°Â,Òå,£¬,Ôª,Æø,µ¯
Á¬,Ê±,¼ä,¶¼,ÎÞ,·¨,¿Ø,ÖÆ,µÄ,ÂÀ,ÈË
µï,±¤,ÁË,£¡,£¡
²»,»á,´ò,ÍÅ
¹þ,¹þ,¹þ,¹þ,¹þ,¹þ,¹þ,¹þ,¹þ,¹þ,¹þ,¹þ,¹þ,¹þ,¹þ,¹þ
Ë¹,¿¨,¹þ,±¦,¾ß
´ø,ÖÆ,×÷
Òª,Ð¦,ËÀ,ÁË
H,¹þ,¹þ,¹þ,¹þ,¹þ,¹þ,¹þ,¹þ,¹þ,¹þ
¿¨,µã,Ì©,Íê,ÃÀ
ÓÌ,Ô¥,£¬,¾Í,»á,°Ü,±±
·ç,É±,Õó
G
g,a,y, , ,±¬,ÁË,¸ç
Ã»,ÈË,ÄÜ,ÔÚ,ÎÒ,µÄ,b,g,m,ÖÐ,´ò,°Ü,ÎÒ
Ìì,Ðã
Ðã,¶ù
¸ú,Â¬,±¾,Î°,¿ª,¹Ò,ÓÐ,Ê²,Ã´,Çø,±ð
½Ð,Â¬,±¾,Î°,¹ý,À´
ÑÀ,Í¨,ÑÀ
±´,Ò¯,»î,×î,¾Ã,Òò,Îª,Ê±,¼ä,Í£,Ö¹
Ìì,Ðã
ÎÒ,ÏÓ,Æú,ÆÆ,ÀÃ,¡«
Ôª,Æø,µ¯
²Ì,Ðì,À¤,´Ý,»Ù,Í£,³µ,³¡
¹þ,¹þ
ÔÒ,Íß,Â³,¶à,£¡,£¡,£¡
v,a,n,Ñù,±ä,·Ö,Éí
Õâ,ÊÇ,Éñ,Íþ,±»,ºÚ,µÃ,×î,²Ò,µÄ,Ò»,´Î
±´,Ò¯,²»,ÄÜ,Õâ,Ñù,±»,Äã,Îê,Èè
¹þ,¹þ,¹þ,¹þ,¹þ,¹þ,¹þ,¹þ
Íõ,¾³,Ôó,£º,Î¢,Ð¦,Ãæ,¶Ô,Ò»,ÇÐ
À÷,º¦,À÷,º¦
¹þ,¹þ,¹þ,¹þ,¹þ,¹þ
Äã,Ã»,*,*,.,.,.,.,.
Íõ,¾³,Ôó,ÂÊ,ÏÈ,µÇ,³¡
ÎÔ,²Û,ËÀ,Éñ,v,s,»ð,Ó°,µÄ
°Â,Òå,¡£,¼¦,ÃÀ,Æø,¹¦
ÂÉ,Ê¦,º¯,¾¯,¸æ
Äã,Ã»,*,*
ÈË,²Å
²»,È¥,ÅÄ,¶¯,»­,Æ¬,¿É,Ï§,ÁË
ÕÐ,ÕÐ,ÖÂ,Ãü
¹þ,¹þ,¹þ
Æß,Ö®,µ¯
ÎÅ,¼¦,Æð,Îè
àÓ,àÓ,àÓ
ÂÉ,Ê¦,º¯,¾¯,¸æ
³Â,æº,ìÇ,Äã,²»,ºÃ,ºÃ,¶Á,Êé,ÓÖ,À´,¿´,¹í,Ðó,£¿
³Â,æº,ìÇ,Äã,¶Á,Êé,Õæ,Ïñ,²Ì,Ðì,À¤,°¡
¹þ,¹þ,¹þ,¹þ,¹þ,¹þ,¹þ,¹þ,¹þ,¹þ,¹þ,¹þ,¹þ,¹þ,¹þ
ÔÒ,Íß,Â³,¶à
°²,Ï¢
Ä¦,²Á,Ä¦,²Á
ÊÇ,Äã,ÓÌ,´ó
¹þ,¹þ,¹þ,°¡,¹þ,¹þ
Éñ,Íþ
¹þ,¹þ,¹þ,¹þ,¹þ,¹þ,¹þ,¹þ,¹þ,¹þ,¹þ,¹þ,¹þ,¹þ
µÂ,Àö,É¯,ÊÀ,½ç,µÚ,Ò»,¿É,°®,£¡
²Ý
ºÃ
·ç,Ö®,ÂÉ,Õß
¹þ,¹þ,¹þ,£¬,Ð¦,ËÀ
¹þ,¹þ,¹þ,¹þ,¹þ,¹þ
²¨,À½,¸ç,:,´ó,¼Ò,£¬,¸ø,ÎÒ,1,0,Ãë
ÐÇ,±¬,Æú,ÁÆ,Õ¶
ÔÒ,Íß,Â³,¶à
ÈË,²Å,u,p,Ö÷
·þ,ÁË
ºì,ºì,»ð,»ð,»Ð,»Ð,ã±,ã±
ÂÝ,Ðý,Íè,£¡
ÔÒ,Íß,Â³,¶à,£¡,£¡,£¡,£¡,£¡,£¡,£¡,£¡
j,Äã,Ì«,ÃÀ
Ìù,°É,ÒÑ,µÁ
Õæ,Ïã
À¶,Çò,¼Ó,»¤
c,h,a,r,a,£¡,À´,Ò»,ÏÂ,£¡,Õâ,±È,s,a,n,s,»¹,ÄÜ,¶ã,£¬,¿¿,Äã,ÁË,£¡
·ç,¶Ý, ,ÂÝ,Ðý,Íè
Íõ,¾³,Ôó,×ä
Î÷,ÄÚ
¶·,ÆÆ,²Ô,ñ·,Òò,Óï,ÑÔ,¹ý,¼¤,±»,Ìß,³ö,·¿,¼ä
ÂÝ,Ðý,Íè
µç,¹â,¶¾,Áú,×ê
x,i,u
d,i,a,o
¶·,ÆÆ,²Ô,ñ·,¾ç,×é,ÍË,³ö,Èº,ÁÄ
h,h,h,h,h
ÔÙ,À´,ÒÚ,±é
µÂ,Àö,É¯,£¬,ÊÇ,Äã,Âð,£¿
ÂÉ,Ê¦,º¯
²»,Ï÷,ÄÜ,Íæ,£¿
²»,Ï÷,ÄÜ,Íæ,£¿
Èº, , , , , , ,Ä§, , , , , , ,ÂÒ, , , , , , ,Îè
£À,Íõ,´ó,¾³,Ôó
¹â,ËÙ,ÊÖ,³å
Éñ,Íþ
¿ì,È¥,Çë,Â¬,À´,·ð,×æ
ÂÝ,Ðý,Éý,Ìì
Q,Q,¿Õ,¼ä,ÒÑ,µÁ
T,h,e, ,w,o,r,l,d
H,e,a,v,e,n, , , ,J,u,s,t,i,c,e
Áã,×Ü,µÄ,¼¼,ÄÜ,°¡
ÎÒ,Âè,Ëµ,ÎÒ,Ð¦,µÃ,Ïñ,¸ö,Éµ,¹Ï
¿ã,ñÉ,¡ª,¡ª,ÂÝ,Ðý,Íè
B,G,M,Å£,±Æ
¿ã,ñÉ,ÂÝ,Ðý,Íè,£¡,£¡,£¡
¹þ,¹þ,¹þ,¹þ,¹þ,¹þ,¹þ,¹þ,¹þ,¹þ,¹þ,¹þ,¹þ,¹þ,¹þ,¹þ,¹þ,¹þ,¹þ,¹þ,¹þ,¹þ,¹þ,¹þ,¹þ,¹þ,¹þ,¹þ,¹þ,¹þ,¹þ,¹þ,¹þ,¹þ,¹þ,¹þ,¹þ,¹þ,¹þ,¹þ,¹þ,¹þ,¹þ,¹þ,¹þ,¹þ,¹þ,¹þ,¹þ,¹þ,¹þ,¹þ,¹þ,¹þ,¹þ,¹þ,¹þ,¹þ,¹þ,¹þ,¹þ,¹þ,¹þ,¹þ,¹þ,¹þ,¹þ,¹þ,¹þ,¹þ,¹þ,¹þ,¹þ,¹þ,¹þ,¹þ,¹þ,¹þ,¹þ,¹þ,¹þ,¹þ,¹þ,¹þ,¹þ,¹þ,¹þ,¹þ,¹þ,¹þ,¹þ,¹þ,¹þ,¹þ,¹þ,¹þ,¹þ,¹þ,¹þ,¹þ
¹þ,¹þ,¹þ,¹þ,¹þ,¹þ,¹þ,¹þ,¹þ,¹þ,¹þ,¹þ,¹þ,¹þ,¹þ,¹þ,¹þ,¹þ,¹þ,¹þ,¹þ,¹þ,¹þ,¹þ,¹þ,¹þ,¹þ,¹þ,¹þ,¹þ,¹þ,¹þ,¹þ,¹þ,¹þ,¹þ,¹þ,¹þ,¹þ,¹þ,¹þ,¹þ,¹þ,¹þ,¹þ,¹þ,¹þ,¹þ,¹þ,¹þ,¹þ,¹þ,¹þ,¹þ,¹þ,¹þ,¹þ,¹þ,¹þ,¹þ,¹þ,¹þ,¹þ,¹þ,¹þ,¹þ,¹þ,¹þ,¹þ,¹þ,¹þ,¹þ,¹þ,¹þ,¹þ,¹þ,¹þ,¹þ,¹þ,¹þ,¹þ,¹þ,¹þ,¹þ,¹þ,¹þ,¹þ,¹þ,¹þ,¹þ,¹þ,¹þ,¹þ,¹þ,¹þ,¹þ,¹þ,¹þ,¹þ,¹þ
Ð¦,ËÀ,ÎÒ,¶Ô,Äã,ÓÐ,Ê²,Ã´,ºÃ,´¦
´ø,ÍÁ
ÎÒ,öï,Ñª,Ï´,B,Õ¾,ºÃ,¶à,Äê
h,h,h,h,h,h,h,h,h,h,h,h,h,h,h
S,a,n,s,ÊÇ,Äã,Âð,£¿
¾­,·Ñ,ÔÚ,È¼,ÉÕ
¹þ,¹þ,¹þ,¹þ,¹þ,¹þ,¹þ,¹þ,¹þ,¹þ,¹þ,¹þ
¹þ,¹þ,¹þ,¹þ,¹þ,¹þ,¹þ,¹þ,¹þ,¹þ,¹þ,¹þ,¹þ,¹þ,¹þ,¹þ,¹þ,¹þ,¹þ,¹þ,¹þ,¹þ,¹þ,¹þ,¹þ,¹þ,¹þ,¹þ,¹þ,¹þ,¹þ,¹þ,¹þ,¹þ,¹þ,¹þ,¹þ,¹þ,¹þ,¹þ,¹þ,¹þ,¹þ,¹þ,¹þ,¹þ,¹þ,¹þ,¹þ,¹þ,¹þ,¹þ,¹þ,¹þ,¹þ,¹þ,¹þ,¹þ,¹þ,¹þ,¹þ,¹þ,¹þ,¹þ,¹þ,¹þ,¹þ,¹þ,¹þ,¹þ,¹þ,¹þ,¹þ,¹þ,¹þ,¹þ,¹þ,¹þ,¹þ,¹þ,¹þ,¹þ,¹þ,¹þ,¹þ,¹þ,¹þ,¹þ,¹þ,¹þ,¹þ,¹þ,¹þ,¹þ,¹þ,¹þ,¹þ,¹þ,¹þ,¹þ
´ó,¸ç,ÊÕ,Ð¡,µÜ,Âí
ÓÌ,Ô¥,£¬,¾Í,»á,°×,¸ø
Õ¦,Íß,Â³,¶à,£¡
ºÏ,Ó°,ºÏ,Ó°
Õâ,ÊÇ,»ð,Ó°,±»,ºÚ,µÄ,×î,²ô,µÄ,Ò»,´Î
¹þ,¹þ,¹þ,¹þ,¹þ,¹þ,¹þ,¹þ,¹þ,¹þ,¹þ,¹þ,¹þ,¹þ,¹þ,¹þ,¹þ,¹þ,¹þ,¹þ,¹þ,¹þ,¹þ,¹þ
Õâ,Ò»,¶Î,Ôõ,Ã´,¶¼,¿´,²»,¹»
¹þ,¹þ,¹þ,¹þ
À÷,º¦
¹þ,¹þ,¹þ,¹þ,¹þ,¹þ,¹þ
Ð¦,Êº
ºÃ,¿¨
Áú,Ãù,ÖÆ,×÷
Å©,Ãñ,ÖÆ,×÷
Äã,Ã»,X,X
Áú,Ãù,ÖÆ,×÷
ÃÍ,°¡,£¡
×î,ºó,ÒÚ,±é
¹þ,¹þ,¹þ,¹þ,¹þ,¹þ,¹þ,¹þ,¹þ,£¡,£¡,£¡,£¡,£¡,£¡,£¡,£¡,£¡,£¡,£¡
ÎÒ,Ð¦,µ½,ÁË,¿Ú,Ë®,¶¼,²»,¸Ò,ÑÊ,ÁË,£¡,£¡,£¡,£¡,£¡
²¨,À½,¾¯,¸æ
°Ô,Ö÷
²Ì
Îª,Ê²,Ã´,ÊÇ,¸ü,ÒÂ,ÊÒ,¡á,£¿
öï,¾í,·ç,´Ý,»Ù,Í£,³µ,³¡
öï,¾í,·ç,´Ý,»Ù,Í£,³µ,³¡
Ç°,·½,¸ß,ÄÜ
ÅÌ,ÎÄ,ºÆ,£¡,£¡,£¡,£¡,£¡,£¡,£¡,£¡
Ì©,À­,Èð,ÑÇ,£¬,ÆÆ,Ïþ,£¿
ÑÀ,Í¨,ÑÀ
s,a,b,e,r,ÒÑ,Õó,Íö
ÍË,³ö,Õâ,¸ö,Îè,Ì¨,£¡
¿ì,È¥,Çë,Â¬,À´,·ð,×æ,£¡,~,~,~,~,~,~
¿ì,È¥,Çë,Â¬,À´,·ð,×æ,£¡
¿ì,È¥,Çë,Â¬,À´,·ð,×æ,£¡,£¡,£¡,£¡,£¡
ÂÝ,Ðý,Íè,±»,ºÚ,×î,²Ò,µÄ,Ò»,´Î
°¡,°¡,°¡,°¡,°¡,°¡,°¡,°¡,°¡,°¡,°¡,°¡,°¡,°¡,°¡,°¡,°¡,°¡,°¡,°¡,°¡,°¡,°¡,°¡,°¡,°¡,°¡,°¡,°¡,°¡,°¡,°¡,°¡,°¡,°¡,°¡,°¡,°¡,°¡,°¡,°¡,°¡,°¡,°¡,°¡,°¡,°¡,°¡,°¡,°¡,°¡,°¡,°¡,°¡,°¡,°¡,°¡,°¡,°¡,°¡,°¡,°¡
¹þ,¹þ,¹þ,¹þ,¹þ,¹þ,¹þ,¹þ,¹þ,¹þ,¹þ,¹þ,¹þ,¹þ,¹þ,¹þ,¹þ,¹þ,¹þ,¹þ,¹þ,¹þ,¹þ,¹þ,¹þ,¹þ,¹þ,¹þ,¹þ,¹þ,¹þ,¹þ,¹þ,¹þ,¹þ,¹þ,¹þ,¹þ,¹þ,¹þ,¹þ,¹þ,¹þ,¹þ,¹þ,¹þ,¹þ,¹þ,¹þ,¹þ
ÎÔ,²Û,ÎÔ,²Û
ÎÔ,²Û
ÈË,²Å
Ê±,Æé,Õæ,Ïã
¹â, ,Êø, ,Âí, ,¸ñ, ,ÄÏ, ,(,Íê, ,È«, ,Ê¤, ,Àû,)
Â¡,Êå,?
ÀË,ÀË,ÎÒ,Öª,µÀ,Äã,ÔÚ,¿´
¼¦,Äã,Õæ,Ïã
F,*,*,k, ,y,o,u
¿ì,È¥,Çë,Â¬,À´,·ð,×æ,£¡
¿ª,Í·,¼û
Ë²,Éí,Ðé,öï
´©,´Ì,ËÀ,¼¬,Ö®,Ç¹,£¡
Âú, , , , , , ,Éí, , , , , , , ,´¯, , , , , , , ,ðê
´©,´Ì,ËÀ,¼¬,Ö®,Ç¹,£¡
ÔÒ,Íß,Â³,¶à
¡¾,Éñ, ,Ç¹, , ,¸Ö, ,¸ñ, ,Äá, ,¶û,¡¿
Ó°,·Ö,Éí,Ö®,Êõ
ÈË,²Å
Õâ,ÊÇ,Èý,Èý,µÄ,Ç¹,°É
²¨,À½,¸ç,ÄÃ,µÄ,¸É,½«,Äª,Ð°
ÉÁ,Ê±,?
Ï£,ÌØ
ºì,a,ÉÏ,Ïß
ºì,a,ÉÏ,Ïß
j,j,j,j
¹þ,¹þ,¹þ,¹þ,¹þ,¹þ,¹þ,¹þ,¹þ,¹þ,»ò,»ò,»ò,»ò,»ò,»ò
¹â, , , , , , , , , ,ËÙ, , , , , , , , , , , , , ,ÊÖ, , , , , , , , , , ,³å
¼¸,Äã,Ì«,ÃÀ
ÂÉ,Ê¦,º¯,¾¯,¸æ
j,b,¹þ,¹þ,¹þ,¹þ,ÎÒ,²Á
ÊÖ,´ê,ÂÝ,Ðý,Íè
r,a,p,~
Íò,¶ñ,Ö®,Ô´
Íò,¶ñ,Ö®,Ô´
Õâ,Àï,µÄ,È«,Ã÷,ÐÇ,¶¼,ÊÇ,ÔÚ,B,Õ¾,¹í,Ðó,Çø,ÓÐ,Ò»,Ï¯,Ö®,µØ,µÄ,ÈË,£¬,¾Í,Äã,À¤,·¢,ÂÉ,Ê¦,º¯
²Ë,Ðé,öï,£º,ÔÚ,ÎÒ,µÄ,B,G,M,ÖÐ,£¬,ÎÒ,ÎÞ,µÐ
J,Äã,Ì«,Ã»
ÔÚ,Ñ§,Ð£,¿´,Õâ,¸ö,",",ÎÒ,±»,ÎÒ,Í¬,Î»,×·,×Å,´ò
×ó,ÏÂ,¨L,ËÀ,Éñ,v,s,»ð,Ó°,µÄ,¹â,Ð§,£¡
¿¨,ÔÚ,ÁË,Ææ,¹Ö,µÄ,µØ,·½
n,b
°¡,°¡,°¡,°¡,°¡,°¡,°¡,°¡,°¡,°¡,°¡,°¡,°¡,°¡,°¡,°¡,°¡,°¡,°¡,°¡,°¡,°¡,°¡,°¡,°¡,°¡,°¡,°¡,°¡,°¡,°¡,°¡,°¡,°¡,°¡,°¡,°¡,°¡,°¡,°¡,°¡,°¡,°¡,°¡,°¡,°¡,°¡,°¡,°¡,°¡,°¡,°¡,°¡,°¡,°¡,°¡,°¡,°¡,°¡
ßÆ,Íß,Â³,¶à
ÄÇ,Î»,´ó,ÈË,À´,ÁË,£¡,£¡,£¡,£¡,£¡,£¡,£¡,£¡,£¡,£¡,£¡,£¡
´ê,µô,´ó,Ê¦
»ð,Ç¯,Áõ,Ã÷
ÎÚ,Ñ»,×ø,·É,»ú
Õâ,¾Í,ÊÇ,Ò»,È­,³¬,ÈË,°¡
ÓÐ,Éú,Ö®,Äê,Ïµ,ÁÐ
¹þ,¹þ,¹þ,¹þ,àÃ,¸Ç,´Ä,±È
¿ã,ñÉ,´ê,Íè,×Ó
¼¦,£¡,Äã,Ì«,ÃÀ,£¡
öï,Í¨,öï
Ç°,·½,¸ß,ÄÜ,Ô¤,¾¯
öï,öï,¼Ó,ÓÍ,£¡
2,µµ,£¡,£¨,Ìá,Òª,Ìá,¸Ù,¶¹,£©
n,m
¶¥,·ç,×÷,°¸
µØ,Óü,»æ,Í¼
Áú,¾í,·ç,´Ý,»Ù,Í£,³µ,³¡,£¡
´ò,s,a,n,s,Ê±,µÄ,Äã
À­,Ïð,¸ù,!
¹þ,¹þ,¹þ,¹þ,¹þ,¹þ,¹þ,¹þ,¹þ,¹þ,¹þ,¹þ,¹þ,¹þ,¹þ,¹þ,¹þ,¹þ,¹þ
¶¥,·ç,×÷,°¸
¶¥,·ç,×÷,°¸
ÒÚ,Íò,ÌØ,Ð§
ÓÌ,´ó,µÄ,ÊÄ,ÑÔ,£¬,Õ¹,¿ª,!
°Ù,Íò,ÌØ,Ð§
½ñ,ÈÕ,Í·,Ìõ,ÒÑ,µÁ
¼¦,Äã,Ì«,ÃÀ
Ç°,·½,¸ß,ÄÜ,Ô¤,¾¯
Æ¯,ÁÁ,£¡,Éä,µÃ,ºÃ,£¡
¸ç,¸ø,Äã,c,´ê,ÂÝ,Ðý,Íè
Èº,Ä§,ÂÒ,Îè
Éñ,Íþ,£¡,£¡,£¡
·ç,¶Ý,À­,Ïß,¸Ë
·ç,¶Ý,.,À­,Ïß,¸Ë
À­,Èý,¸Ë
·ç,¶Ý,.,À­,Ïß,¸Ë
ÆÆ,Ïþ,ºÃ,ÆÀ
Ì©,À­,Èð,ÑÇ,µÄ,ÆÆ,Ïþ,£¡,£¡
À÷,º¦
À÷,º¦
¶¥,·ç,×÷,°¸
Ð¦,ËÀ,ÎÒ,¶Ô,Äã,ÓÐ,Ê²,Ã´,ºÃ,´¦,£¿
Òª,Ð¦,ËÀ,ÎÒ,Âð,£¿,£¿,£¿,¹þ,¹þ,¹þ,¹þ,°¡,¹þ,¹þ,¹þ,¹þ,¹þ,¹þ,¹þ,¹þ,¹þ,¹þ,àÃ
¸ß,ÊÖ,¹ý,ÕÐ
Ñ§,Îä,Êõ,¡£,¡£,¹þ,¹þ,¹þ
ÌØ,Ð§,µõ,´ò,¶·,ÆÆ,²Ô,ñ·
Å£,±Æ
Õæ,Ïã
ÎÒ,²Á,Å£,±Æ
¼¸,Äá,Ì«,ÃÀ,¼¸,Äá,Ì«,ÃÀ,¼¸,Äá,Ì«,ÃÀ,¼¸,Äá,Ì«,ÃÀ,¼¸,Äá,Ì«,ÃÀ,¼¸,Äá,Ì«,ÃÀ,¼¸,Äá,Ì«,ÃÀ,¼¸,Äá,Ì«,ÃÀ,¼¸,Äá,Ì«,ÃÀ,¼¸,Äá,Ì«,ÃÀ,¼¸,Äá,Ì«,ÃÀ,¼¸,Äá,Ì«,ÃÀ,¼¸,Äá,Ì«,ÃÀ,¼¸,Äá,Ì«,ÃÀ,¼¸,Äá,Ì«,ÃÀ,¼¸,Äá,Ì«,ÃÀ,¼¸,Äá,Ì«,ÃÀ,¼¸,Äá,Ì«,ÃÀ,¼¸,Äá,Ì«,ÃÀ,¼¸,Äá,Ì«,ÃÀ,¼¸,Äá,Ì«,ÃÀ,¼¸,Äá,Ì«,ÃÀ,¼¸,Äá,Ì«,ÃÀ,¼¸,Äá,Ì«,ÃÀ,¼¸,Äá,Ì«,ÃÀ
Òª,ËØ,¹ý,¶à, , 
m,d, ,Í·,Ð¦,µô,ÁË
×Ô,ÓÉ
´ø,ÖÆ,×÷
×Ô,ÓÉ
Ðã,¶ù
Å£,Åú
¹þ,¹þ,¹þ,¹þ,¹þ,¹þ
Ä©,ÈÕ,·ç,±©
·ç,±©,Å®,»Ê,ÂÉ,Ê¦,º¯,¾¯,¸æ
H,h,h,h,h,h,h, 
¹þ,¹þ,¹þ,¹þ,¹þ
ÓÅ,Ðã
°Ù,¹í,Ò¹,ÐÐ,£¿,£¿,£¿,£¿,£¡,£¡,£¡,£¡,Ö²,Ê÷,µÄ,Ê²,Ã´,À´,×Å,£¡,£¡,Ò»,±¾,Âþ,»­,ºÜ,ºÃ,¿´,£¡,£¡,£¡
Áú,¾í,·ç,´Ý,»Ù,Í£,³µ,³¡,£¡,£¡,£¡,£¡
ÔÒ,Íß,Â³,¶à,£¡
²Ì,Ðì,À¤,ËÍ,³ö,ÁË,Ò»,ÕÅ,ÂÉ,Ê¦,º­
j
¹þ,¹þ,¹þ,H,°¡,¹þ,¹þ,¹þ,°¡,¹þ,¹þ,H
Íæ,Ã«,°¡,£¿,Õâ,Ã´,Ç¿
ÂÉ,Ê¦,º¯,¾¯,¸æ
